timestamp,open,high,low,close,volume
2023-01-02 00:00:00,1.06994,1.07073,1.06885,1.0703,1738.0
2023-01-02 04:00:00,1.0703,1.0707,1.0686,1.06978,1205.0
2023-01-02 08:00:00,1.06975,1.06992,1.0663,1.06798,6378.0
2023-01-02 12:00:00,1.06797,1.06991,1.06741,1.06823,5121.0
2023-01-02 16:00:00,1.06823,1.06858,1.06512,1.06553,5286.0
2023-01-02 20:00:00,1.06553,1.06676,1.06503,1.06617,3819.0
2023-01-03 00:00:00,1.06615,1.06832,1.06502,1.06705,6530.0
2023-01-03 04:00:00,1.06703,1.06803,1.06504,1.06673,14076.0
2023-01-03 08:00:00,1.06673,1.06707,1.05508,1.05518,20229.0
2023-01-03 12:00:00,1.05514,1.0561,1.05194,1.05356,22677.0
2023-01-03 16:00:00,1.05355,1.05973,1.05303,1.0558,32330.0
2023-01-03 20:00:00,1.05581,1.05686,1.05401,1.05515,14406.0
2023-01-04 00:00:00,1.05515,1.05611,1.05404,1.0558,10784.0
2023-01-04 04:00:00,1.0558,1.05745,1.0557,1.05729,8375.0
2023-01-04 08:00:00,1.05728,1.06354,1.05596,1.06158,23150.0
2023-01-04 12:00:00,1.06153,1.06299,1.05988,1.06073,17846.0
2023-01-04 16:00:00,1.06074,1.06282,1.05812,1.06189,34150.0
2023-01-04 20:00:00,1.06192,1.06199,1.0585,1.06033,20992.0
2023-01-05 00:00:00,1.06035,1.06311,1.05998,1.06292,8276.0
2023-01-05 04:00:00,1.06293,1.06312,1.06034,1.06042,10009.0
2023-01-05 08:00:00,1.06043,1.06278,1.05902,1.062,17422.0
2023-01-05 12:00:00,1.062,1.06289,1.05982,1.05996,15283.0
2023-01-05 16:00:00,1.05997,1.06082,1.0515,1.05211,35239.0
2023-01-05 20:00:00,1.05211,1.05431,1.05187,1.052,17591.0
2023-01-06 00:00:00,1.052,1.05316,1.05156,1.05293,5620.0
2023-01-06 04:00:00,1.05295,1.05365,1.05224,1.05244,7777.0
2023-01-06 08:00:00,1.05245,1.0531,1.05068,1.05184,15954.0
2023-01-06 12:00:00,1.05183,1.05195,1.04832,1.04947,16552.0
2023-01-06 16:00:00,1.04945,1.06225,1.04819,1.06186,45858.0
2023-01-06 20:00:00,1.06188,1.0648,1.06164,1.06462,15872.0
2023-01-07 00:00:00,1.0646,1.0646,1.06419,1.06428,1014.0
2023-01-09 00:00:00,1.06401,1.06677,1.06356,1.06613,6267.0
2023-01-09 04:00:00,1.06616,1.06783,1.06553,1.06766,9808.0
2023-01-09 08:00:00,1.06766,1.06996,1.06678,1.069,16881.0
2023-01-09 12:00:00,1.069,1.06936,1.066,1.06889,16389.0
2023-01-09 16:00:00,1.06889,1.07606,1.06853,1.07581,27331.0
2023-01-09 20:00:00,1.0758,1.07598,1.07307,1.07312,17494.0
2023-01-10 00:00:00,1.07311,1.07385,1.07206,1.07275,7230.0
2023-01-10 04:00:00,1.07275,1.07424,1.07213,1.07307,12048.0
2023-01-10 08:00:00,1.07307,1.07473,1.0722,1.07384,15756.0
2023-01-10 12:00:00,1.07385,1.07518,1.07155,1.07193,16090.0
2023-01-10 16:00:00,1.07195,1.07593,1.07121,1.07361,31455.0
2023-01-10 20:00:00,1.0736,1.07441,1.07277,1.07359,10827.0
2023-01-11 00:00:00,1.07368,1.07453,1.07312,1.0745,6643.0
2023-01-11 04:00:00,1.0745,1.0745,1.07256,1.07386,7667.0
2023-01-11 08:00:00,1.07387,1.07574,1.07288,1.07297,13348.0
2023-01-11 12:00:00,1.07296,1.07552,1.07254,1.07405,14387.0
2023-01-11 16:00:00,1.07405,1.07764,1.07376,1.07387,22424.0
2023-01-11 20:00:00,1.0739,1.0768,1.07351,1.07539,11914.0
2023-01-12 00:00:00,1.07542,1.07745,1.07497,1.07612,8504.0
2023-01-12 04:00:00,1.07614,1.07734,1.07604,1.07716,8492.0
2023-01-12 08:00:00,1.07717,1.07753,1.07454,1.0748,12186.0
2023-01-12 12:00:00,1.07479,1.07735,1.07428,1.07627,15113.0
2023-01-12 16:00:00,1.07627,1.08384,1.07269,1.08224,53986.0
2023-01-12 20:00:00,1.08223,1.08669,1.08213,1.08523,22265.0
2023-01-13 00:00:00,1.08527,1.08679,1.08418,1.08522,6653.0
2023-01-13 04:00:00,1.08523,1.08562,1.08315,1.08399,12239.0
2023-01-13 08:00:00,1.08399,1.08641,1.08316,1.08553,17664.0
2023-01-13 12:00:00,1.08555,1.08601,1.08032,1.08118,17439.0
2023-01-13 16:00:00,1.08118,1.08386,1.07804,1.08101,30816.0
2023-01-13 20:00:00,1.081,1.08357,1.08066,1.08324,11520.0
2023-01-14 00:00:00,1.08325,1.08344,1.08287,1.08326,1169.0
2023-01-16 00:00:00,1.0829,1.08443,1.08204,1.08417,6012.0
2023-01-16 04:00:00,1.08415,1.08741,1.08406,1.08528,11723.0
2023-01-16 08:00:00,1.08529,1.0861,1.08024,1.08034,16022.0
2023-01-16 12:00:00,1.08035,1.08366,1.08013,1.08151,13449.0
2023-01-16 16:00:00,1.08152,1.0829,1.08059,1.08247,12971.0
2023-01-16 20:00:00,1.08244,1.08266,1.08108,1.08204,3070.0
2023-01-17 00:00:00,1.08204,1.08336,1.08161,1.08286,5694.0
2023-01-17 04:00:00,1.08285,1.08328,1.08061,1.08262,11560.0
2023-01-17 08:00:00,1.08258,1.08385,1.08118,1.08273,15497.0
2023-01-17 12:00:00,1.08272,1.08577,1.0809,1.08525,18699.0
2023-01-17 16:00:00,1.08525,1.08693,1.0786,1.07925,33991.0
2023-01-17 20:00:00,1.07928,1.08038,1.07743,1.07936,11956.0
2023-01-18 00:00:00,1.07932,1.07938,1.07824,1.07843,5860.0
2023-01-18 04:00:00,1.07843,1.07993,1.07659,1.07745,19629.0
2023-01-18 08:00:00,1.07744,1.08514,1.07681,1.0843,23834.0
2023-01-18 12:00:00,1.08431,1.08716,1.08119,1.08241,20796.0
2023-01-18 16:00:00,1.08238,1.08874,1.08135,1.08267,41391.0
2023-01-18 20:00:00,1.08268,1.08279,1.07868,1.07892,18186.0
2023-01-19 00:00:00,1.07892,1.07983,1.07862,1.07874,6644.0
2023-01-19 04:00:00,1.07877,1.08056,1.07824,1.07958,9925.0
2023-01-19 08:00:00,1.07957,1.08248,1.07822,1.08168,15196.0
2023-01-19 12:00:00,1.08167,1.08384,1.08049,1.0809,17858.0
2023-01-19 16:00:00,1.08091,1.08249,1.07834,1.08092,29217.0
2023-01-19 20:00:00,1.08091,1.08399,1.08088,1.0829,15336.0
2023-01-20 00:00:00,1.08289,1.08403,1.08269,1.08314,4665.0
2023-01-20 04:00:00,1.08315,1.0844,1.08279,1.08295,7918.0
2023-01-20 08:00:00,1.08291,1.08588,1.08206,1.08405,11797.0
2023-01-20 12:00:00,1.08404,1.08519,1.08139,1.08185,16258.0
2023-01-20 16:00:00,1.08183,1.08478,1.08023,1.08304,21738.0
2023-01-20 20:00:00,1.08303,1.08585,1.08295,1.08563,11933.0
2023-01-21 00:00:00,1.08566,1.0858,1.08546,1.08557,768.0
2023-01-23 00:00:00,1.08619,1.08872,1.08606,1.08849,4937.0
2023-01-23 04:00:00,1.08849,1.09031,1.08808,1.08947,8255.0
2023-01-23 08:00:00,1.08947,1.09269,1.08873,1.08999,15184.0
2023-01-23 12:00:00,1.08998,1.09203,1.08667,1.0871,16521.0
2023-01-23 16:00:00,1.08713,1.08777,1.08463,1.0864,25192.0
2023-01-23 20:00:00,1.08638,1.08731,1.08476,1.0868,13616.0
2023-01-24 00:00:00,1.0868,1.08761,1.0865,1.08736,4674.0
2023-01-24 04:00:00,1.08738,1.08829,1.08693,1.08763,4909.0
2023-01-24 08:00:00,1.08763,1.0898,1.08664,1.0875,11633.0
2023-01-24 12:00:00,1.08749,1.08831,1.08519,1.08596,15041.0
2023-01-24 16:00:00,1.08597,1.08832,1.08351,1.08716,27638.0
2023-01-24 20:00:00,1.08717,1.08888,1.08701,1.08815,9718.0
2023-01-25 00:00:00,1.08814,1.08904,1.08781,1.08871,6353.0
2023-01-25 04:00:00,1.08872,1.09029,1.08839,1.08987,7005.0
2023-01-25 08:00:00,1.08988,1.09112,1.08675,1.08772,12483.0
2023-01-25 12:00:00,1.0877,1.08918,1.08572,1.08747,14436.0
2023-01-25 16:00:00,1.08738,1.09236,1.08644,1.09002,26286.0
2023-01-25 20:00:00,1.09005,1.09184,1.0894,1.09145,10474.0
2023-01-26 00:00:00,1.0914,1.09247,1.09088,1.09156,5131.0
2023-01-26 04:00:00,1.09159,1.09216,1.09067,1.09144,7012.0
2023-01-26 08:00:00,1.09144,1.09294,1.09056,1.09089,11806.0
2023-01-26 12:00:00,1.0909,1.09102,1.08867,1.08929,12073.0
2023-01-26 16:00:00,1.08926,1.09175,1.08505,1.08646,29324.0
2023-01-26 20:00:00,1.08647,1.08925,1.08579,1.08921,9640.0
2023-01-27 00:00:00,1.08922,1.09003,1.08864,1.08965,4652.0
2023-01-27 04:00:00,1.08961,1.08992,1.08659,1.08663,7023.0
2023-01-27 08:00:00,1.08663,1.08916,1.08656,1.08902,9407.0
2023-01-27 12:00:00,1.08903,1.08953,1.08663,1.08669,10727.0
2023-01-27 16:00:00,1.08667,1.08791,1.08379,1.08562,26238.0
2023-01-27 20:00:00,1.08565,1.08729,1.08526,1.08653,9276.0
2023-01-28 00:00:00,1.08652,1.0869,1.0865,1.08674,1046.0
2023-01-30 00:00:00,1.08604,1.08754,1.08599,1.08747,3456.0
2023-01-30 04:00:00,1.08743,1.08793,1.0861,1.08763,9724.0
2023-01-30 08:00:00,1.08759,1.08895,1.0853,1.08812,13502.0
2023-01-30 12:00:00,1.08811,1.09137,1.08764,1.09037,14885.0
2023-01-30 16:00:00,1.09038,1.09112,1.08605,1.08658,21096.0
2023-01-30 20:00:00,1.08657,1.08667,1.08392,1.08457,9956.0
2023-01-31 00:00:00,1.08467,1.08573,1.08457,1.08538,5618.0
2023-01-31 04:00:00,1.08538,1.08601,1.08395,1.08461,7197.0
2023-01-31 08:00:00,1.08462,1.08496,1.08024,1.08033,12936.0
2023-01-31 12:00:00,1.08036,1.08386,1.0802,1.0826,14587.0
2023-01-31 16:00:00,1.08258,1.08678,1.08258,1.0857,30654.0
2023-01-31 20:00:00,1.08571,1.0875,1.08504,1.0872,9036.0
2023-02-01 00:00:00,1.08719,1.08725,1.08583,1.08624,4590.0
2023-02-01 04:00:00,1.08623,1.08689,1.08522,1.08657,5434.0
2023-02-01 08:00:00,1.08655,1.08884,1.08654,1.08873,10284.0
2023-02-01 12:00:00,1.08873,1.08979,1.08786,1.08915,11151.0
2023-02-01 16:00:00,1.08917,1.09246,1.08882,1.09165,23965.0
2023-02-01 20:00:00,1.09164,1.10005,1.08886,1.09879,36106.0
2023-02-02 00:00:00,1.09879,1.10329,1.09833,1.10187,10204.0
2023-02-02 04:00:00,1.10189,1.10255,1.10061,1.10199,10167.0
2023-02-02 08:00:00,1.10198,1.10247,1.09914,1.10051,13102.0
2023-02-02 12:00:00,1.10048,1.10063,1.09803,1.09841,19022.0
2023-02-02 16:00:00,1.0984,1.10039,1.08854,1.09171,39986.0
2023-02-02 20:00:00,1.09173,1.09268,1.09052,1.09137,14676.0
2023-02-03 00:00:00,1.09137,1.0916,1.08922,1.08974,6776.0
2023-02-03 04:00:00,1.08967,1.08995,1.08872,1.08931,6541.0
2023-02-03 08:00:00,1.0893,1.09073,1.08819,1.09034,10967.0
2023-02-03 12:00:00,1.09037,1.0937,1.08935,1.09326,13644.0
2023-02-03 16:00:00,1.09321,1.094,1.08091,1.08249,44407.0
2023-02-03 20:00:00,1.0825,1.08369,1.0793,1.07933,14156.0
2023-02-04 00:00:00,1.07938,1.08007,1.07925,1.07932,1330.0
2023-02-06 00:00:00,1.07854,1.07983,1.0781,1.07887,6868.0
2023-02-06 04:00:00,1.07888,1.0799,1.07822,1.07963,10403.0
2023-02-06 08:00:00,1.07962,1.0798,1.07748,1.07851,13666.0
2023-02-06 12:00:00,1.0785,1.07881,1.07567,1.07732,14930.0
2023-02-06 16:00:00,1.07734,1.07777,1.07173,1.07211,22139.0
2023-02-06 20:00:00,1.07211,1.07374,1.07095,1.07297,10390.0
2023-02-07 00:00:00,1.07293,1.07362,1.07199,1.07362,5275.0
2023-02-07 04:00:00,1.07364,1.07427,1.07285,1.07328,7757.0
2023-02-07 08:00:00,1.07329,1.07437,1.0697,1.07189,15501.0
2023-02-07 12:00:00,1.0719,1.07348,1.06981,1.07052,15814.0
2023-02-07 16:00:00,1.07051,1.07121,1.0669,1.07047,22770.0
2023-02-07 20:00:00,1.07048,1.07664,1.06873,1.0725,34596.0
2023-02-08 00:00:00,1.0725,1.07341,1.07211,1.07321,3666.0
2023-02-08 04:00:00,1.07321,1.07351,1.0723,1.07337,7260.0
2023-02-08 08:00:00,1.07332,1.07598,1.07239,1.07521,11902.0
2023-02-08 12:00:00,1.07521,1.07607,1.07328,1.07337,12525.0
2023-02-08 16:00:00,1.07339,1.07431,1.07137,1.07335,25041.0
2023-02-08 20:00:00,1.07335,1.07401,1.07094,1.07137,12937.0
2023-02-09 00:00:00,1.07135,1.07191,1.0708,1.07161,5058.0
2023-02-09 04:00:00,1.0716,1.07327,1.07094,1.0732,6379.0
2023-02-09 08:00:00,1.07321,1.07595,1.0724,1.07529,14115.0
2023-02-09 12:00:00,1.07533,1.07786,1.07509,1.07694,13645.0
2023-02-09 16:00:00,1.07694,1.07906,1.07441,1.07607,22134.0
2023-02-09 20:00:00,1.07604,1.07614,1.07314,1.07335,15062.0
2023-02-10 00:00:00,1.07333,1.07416,1.07257,1.07347,4061.0
2023-02-10 04:00:00,1.07346,1.07385,1.07173,1.07185,7344.0
2023-02-10 08:00:00,1.07184,1.07527,1.07181,1.07421,17312.0
2023-02-10 12:00:00,1.07419,1.07448,1.06812,1.06832,18410.0
2023-02-10 16:00:00,1.06831,1.07068,1.06681,1.06689,24167.0
2023-02-10 20:00:00,1.06688,1.06808,1.06662,1.06789,7706.0
2023-02-11 00:00:00,1.06787,1.06801,1.06754,1.06781,744.0
2023-02-13 00:00:00,1.06774,1.06799,1.0668,1.06725,5212.0
2023-02-13 04:00:00,1.06729,1.06749,1.06554,1.06672,8987.0
2023-02-13 08:00:00,1.06671,1.06897,1.06631,1.06744,11890.0
2023-02-13 12:00:00,1.06744,1.06966,1.06631,1.06907,14327.0
2023-02-13 16:00:00,1.06904,1.07273,1.06761,1.07168,20173.0
2023-02-13 20:00:00,1.07163,1.07299,1.07116,1.07227,9033.0
2023-02-14 00:00:00,1.07227,1.07368,1.07186,1.07335,4229.0
2023-02-14 04:00:00,1.07334,1.07401,1.07253,1.0738,7433.0
2023-02-14 08:00:00,1.07377,1.07502,1.07287,1.07485,12903.0
2023-02-14 12:00:00,1.07487,1.07678,1.07446,1.0758,15394.0
2023-02-14 16:00:00,1.07579,1.08044,1.07068,1.07213,55254.0
2023-02-14 20:00:00,1.07213,1.07454,1.07191,1.07379,19737.0
2023-02-15 00:00:00,1.07364,1.07401,1.07328,1.07379,4737.0
2023-02-15 04:00:00,1.07379,1.07444,1.07144,1.07182,8508.0
2023-02-15 08:00:00,1.07181,1.07287,1.06996,1.07242,14814.0
2023-02-15 12:00:00,1.07243,1.0733,1.06968,1.06976,14185.0
2023-02-15 16:00:00,1.06975,1.07061,1.06651,1.06823,31532.0
2023-02-15 20:00:00,1.06823,1.06902,1.06605,1.06901,12168.0
2023-02-16 00:00:00,1.06902,1.06956,1.06818,1.06893,9055.0
2023-02-16 04:00:00,1.06892,1.07149,1.06868,1.07071,8567.0
2023-02-16 08:00:00,1.07073,1.07223,1.0696,1.07068,12211.0
2023-02-16 12:00:00,1.07066,1.07129,1.0689,1.06937,13467.0
2023-02-16 16:00:00,1.06941,1.07085,1.06543,1.06833,33399.0
2023-02-16 20:00:00,1.06831,1.06974,1.06692,1.06737,16843.0
2023-02-17 00:00:00,1.06736,1.06756,1.06549,1.06601,5530.0
2023-02-17 04:00:00,1.06602,1.06656,1.06326,1.06384,8305.0
2023-02-17 08:00:00,1.06383,1.06471,1.06296,1.06437,12840.0
2023-02-17 12:00:00,1.06436,1.06614,1.06127,1.062,15320.0
2023-02-17 16:00:00,1.06201,1.0682,1.06201,1.0677,27787.0
2023-02-17 20:00:00,1.06769,1.06983,1.06769,1.06944,11997.0
2023-02-18 00:00:00,1.06946,1.06976,1.06925,1.06936,922.0
2023-02-20 00:00:00,1.06859,1.0692,1.0673,1.06789,4466.0
2023-02-20 04:00:00,1.06789,1.06912,1.06735,1.06866,7212.0
2023-02-20 08:00:00,1.06866,1.07045,1.06837,1.06927,10274.0
2023-02-20 12:00:00,1.06928,1.06992,1.06705,1.06712,11129.0
2023-02-20 16:00:00,1.06715,1.06939,1.06702,1.06884,10656.0
2023-02-20 20:00:00,1.06884,1.06904,1.06833,1.06843,3826.0
2023-02-21 00:00:00,1.06843,1.06884,1.0677,1.0677,4060.0
2023-02-21 04:00:00,1.06771,1.06778,1.06621,1.06685,7316.0
2023-02-21 08:00:00,1.06684,1.06884,1.06595,1.06605,13781.0
2023-02-21 12:00:00,1.06606,1.06752,1.06426,1.06598,19452.0
2023-02-21 16:00:00,1.06598,1.06981,1.06438,1.06562,29373.0
2023-02-21 20:00:00,1.06562,1.06629,1.06375,1.06456,12038.0
2023-02-22 00:00:00,1.06458,1.06585,1.06431,1.06577,9429.0
2023-02-22 04:00:00,1.06576,1.0664,1.06536,1.06586,8165.0
2023-02-22 08:00:00,1.06586,1.06634,1.06428,1.06453,11011.0
2023-02-22 12:00:00,1.06455,1.06506,1.06245,1.06477,17940.0
2023-02-22 16:00:00,1.06476,1.06602,1.0617,1.06228,24996.0
2023-02-22 20:00:00,1.06227,1.06361,1.05991,1.06028,19408.0
2023-02-23 00:00:00,1.06026,1.06121,1.06012,1.06118,3277.0
2023-02-23 04:00:00,1.06118,1.06248,1.0611,1.06244,5609.0
2023-02-23 08:00:00,1.06244,1.06279,1.0603,1.06058,12225.0
2023-02-23 12:00:00,1.06058,1.06191,1.05857,1.06137,14766.0
2023-02-23 16:00:00,1.06136,1.0621,1.05792,1.05822,28584.0
2023-02-23 20:00:00,1.05824,1.06033,1.05769,1.0603,10928.0
2023-02-24 00:00:00,1.06031,1.06069,1.05914,1.06069,5648.0
2023-02-24 04:00:00,1.06069,1.06143,1.05934,1.06,10238.0
2023-02-24 08:00:00,1.05999,1.06022,1.05797,1.05889,12891.0
2023-02-24 12:00:00,1.05888,1.0596,1.05641,1.05663,13871.0
2023-02-24 16:00:00,1.05662,1.0575,1.05361,1.05437,36152.0
2023-02-24 20:00:00,1.05438,1.05588,1.0543,1.05469,12609.0
2023-02-25 00:00:00,1.05468,1.05486,1.05441,1.05446,827.0
2023-02-27 00:00:00,1.05454,1.05556,1.05443,1.05546,4537.0
2023-02-27 04:00:00,1.05543,1.05598,1.05399,1.05489,8085.0
2023-02-27 08:00:00,1.05488,1.05612,1.05329,1.05526,14045.0
2023-02-27 12:00:00,1.05524,1.05692,1.05486,1.05585,13045.0
2023-02-27 16:00:00,1.05583,1.06199,1.05502,1.05953,23923.0
2023-02-27 20:00:00,1.05957,1.06128,1.05862,1.06082,9850.0
2023-02-28 00:00:00,1.06074,1.06149,1.05994,1.06096,4997.0
2023-02-28 04:00:00,1.06095,1.06102,1.05856,1.05901,6896.0
2023-02-28 08:00:00,1.05901,1.062,1.05819,1.06157,13769.0
2023-02-28 12:00:00,1.06159,1.06262,1.06038,1.06177,14512.0
2023-02-28 16:00:00,1.06175,1.06453,1.06002,1.06007,25371.0
2023-02-28 20:00:00,1.06006,1.06098,1.05765,1.05765,10460.0
2023-03-01 00:00:00,1.05765,1.05804,1.05652,1.05683,8827.0
2023-03-01 04:00:00,1.05684,1.05955,1.05672,1.05893,8797.0
2023-03-01 08:00:00,1.0589,1.0649,1.0589,1.06482,17007.0
2023-03-01 12:00:00,1.06481,1.06874,1.06377,1.06866,19198.0
2023-03-01 16:00:00,1.06865,1.06914,1.06434,1.06733,29363.0
2023-03-01 20:00:00,1.06734,1.06782,1.06464,1.06647,11287.0
2023-03-02 00:00:00,1.06647,1.06727,1.06584,1.06602,4356.0
2023-03-02 04:00:00,1.06602,1.06619,1.06446,1.0648,8638.0
2023-03-02 08:00:00,1.0648,1.06485,1.0626,1.06386,13788.0
2023-03-02 12:00:00,1.06386,1.06429,1.06046,1.06059,18119.0
2023-03-02 16:00:00,1.06058,1.06146,1.0582,1.05939,26837.0
2023-03-02 20:00:00,1.05943,1.06065,1.05765,1.06003,12555.0
2023-03-03 00:00:00,1.06004,1.06117,1.05941,1.06108,4040.0
2023-03-03 04:00:00,1.06109,1.06149,1.06019,1.06086,8075.0
2023-03-03 08:00:00,1.06087,1.0629,1.06081,1.06212,11599.0
2023-03-03 12:00:00,1.06211,1.06233,1.06004,1.06126,14412.0
2023-03-03 16:00:00,1.06126,1.06296,1.05882,1.06163,25339.0
2023-03-03 20:00:00,1.0616,1.06386,1.06118,1.06352,10902.0
2023-03-04 00:00:00,1.06351,1.06351,1.06303,1.06331,922.0
2023-03-06 00:00:00,1.06248,1.06366,1.06229,1.06268,5684.0
2023-03-06 04:00:00,1.06273,1.06501,1.06241,1.06428,7930.0
2023-03-06 08:00:00,1.06431,1.06573,1.06372,1.06417,12004.0
2023-03-06 12:00:00,1.06416,1.06477,1.06221,1.06416,15156.0
2023-03-06 16:00:00,1.06414,1.06941,1.06401,1.06936,22562.0
2023-03-06 20:00:00,1.06936,1.06944,1.06683,1.06772,9863.0
2023-03-07 00:00:00,1.06771,1.06867,1.06752,1.0679,4959.0
2023-03-07 04:00:00,1.06791,1.06933,1.06764,1.06905,7842.0
2023-03-07 08:00:00,1.06903,1.06944,1.06699,1.06737,13291.0
2023-03-07 12:00:00,1.06733,1.06733,1.06499,1.06695,14806.0
2023-03-07 16:00:00,1.06695,1.0672,1.05702,1.05726,35843.0
2023-03-07 20:00:00,1.05727,1.05881,1.05461,1.05508,17217.0
2023-03-08 00:00:00,1.05507,1.05528,1.05421,1.05504,4488.0
2023-03-08 04:00:00,1.05503,1.05507,1.05276,1.05349,7851.0
2023-03-08 08:00:00,1.0535,1.0548,1.05241,1.05368,10362.0
2023-03-08 12:00:00,1.05366,1.05491,1.05341,1.05466,10973.0
2023-03-08 16:00:00,1.05467,1.05738,1.0529,1.05475,29438.0
2023-03-08 20:00:00,1.05474,1.05521,1.05397,1.05475,11836.0
2023-03-09 00:00:00,1.05473,1.05533,1.05374,1.05468,4324.0
2023-03-09 04:00:00,1.05467,1.05535,1.05379,1.05518,5472.0
2023-03-09 08:00:00,1.05517,1.05634,1.0548,1.05573,8892.0
2023-03-09 12:00:00,1.05575,1.05814,1.05503,1.05592,11639.0
2023-03-09 16:00:00,1.05593,1.05863,1.05524,1.05758,23629.0
2023-03-09 20:00:00,1.05759,1.05912,1.05694,1.05792,16187.0
2023-03-10 00:00:00,1.05791,1.05994,1.05751,1.05987,5305.0
2023-03-10 04:00:00,1.05986,1.05992,1.05791,1.05946,12709.0
2023-03-10 08:00:00,1.05945,1.06067,1.05739,1.05916,16175.0
2023-03-10 12:00:00,1.05913,1.06038,1.05777,1.05943,17341.0
2023-03-10 16:00:00,1.05941,1.07007,1.05817,1.06585,54032.0
2023-03-10 20:00:00,1.06588,1.06739,1.0636,1.06372,24513.0
2023-03-11 00:00:00,1.06374,1.06416,1.06366,1.06383,1598.0
2023-03-13 00:00:00,1.06809,1.0703,1.06735,1.0681,9326.0
2023-03-13 04:00:00,1.0682,1.07369,1.0664,1.0717,23606.0
2023-03-13 08:00:00,1.07171,1.07372,1.07131,1.07252,15499.0
2023-03-13 12:00:00,1.07252,1.07289,1.06574,1.0664,41049.0
2023-03-13 16:00:00,1.06641,1.07335,1.06502,1.07332,51780.0
2023-03-13 20:00:00,1.07331,1.07486,1.0721,1.07296,30565.0
2023-03-14 00:00:00,1.07295,1.07332,1.07223,1.07228,6823.0
2023-03-14 04:00:00,1.07234,1.0724,1.06988,1.07027,14534.0
2023-03-14 08:00:00,1.07028,1.07155,1.06788,1.06898,18193.0
2023-03-14 12:00:00,1.06897,1.07282,1.06829,1.07216,25917.0
2023-03-14 16:00:00,1.07219,1.07486,1.0698,1.0721,43881.0
2023-03-14 20:00:00,1.07212,1.07496,1.07105,1.07415,24383.0
2023-03-15 00:00:00,1.07418,1.07423,1.07254,1.07271,3578.0
2023-03-15 04:00:00,1.07268,1.07597,1.07251,1.0751,10810.0
2023-03-15 08:00:00,1.0751,1.07539,1.07276,1.07374,13111.0
2023-03-15 12:00:00,1.07375,1.07436,1.05804,1.05874,35977.0
2023-03-15 16:00:00,1.05874,1.05947,1.0516,1.05336,49763.0
2023-03-15 20:00:00,1.05336,1.05923,1.05276,1.05803,37406.0
2023-03-16 00:00:00,1.05804,1.05888,1.05736,1.05817,6938.0
2023-03-16 04:00:00,1.05818,1.05991,1.05729,1.05986,18821.0
2023-03-16 08:00:00,1.05986,1.06283,1.05927,1.0625,15606.0
2023-03-16 12:00:00,1.06256,1.06355,1.06001,1.0613,26232.0
2023-03-16 16:00:00,1.0613,1.06265,1.05507,1.06214,53536.0
2023-03-16 20:00:00,1.06213,1.06253,1.05915,1.06147,22990.0
2023-03-17 00:00:00,1.06147,1.06173,1.06068,1.06135,6111.0
2023-03-17 04:00:00,1.06136,1.06448,1.06115,1.06401,11682.0
2023-03-17 08:00:00,1.06401,1.06692,1.06388,1.06625,12668.0
2023-03-17 12:00:00,1.06626,1.067,1.06155,1.06296,20871.0
2023-03-17 16:00:00,1.06295,1.0648,1.0612,1.06463,31225.0
2023-03-17 20:00:00,1.06461,1.06852,1.06422,1.06612,18256.0
2023-03-18 00:00:00,1.06613,1.06652,1.06585,1.06651,1814.0
2023-03-20 00:00:00,1.068,1.06889,1.06662,1.06805,6524.0
2023-03-20 04:00:00,1.06805,1.06899,1.06647,1.06692,13217.0
2023-03-20 08:00:00,1.06692,1.0681,1.06418,1.06554,21146.0
2023-03-20 12:00:00,1.06556,1.07088,1.06313,1.0707,29972.0
2023-03-20 16:00:00,1.0707,1.07308,1.07015,1.07211,24444.0
2023-03-20 20:00:00,1.07211,1.07283,1.07066,1.0723,12567.0
2023-03-21 00:00:00,1.07232,1.07244,1.07156,1.07182,7451.0
2023-03-21 04:00:00,1.07186,1.07259,1.07141,1.07158,9409.0
2023-03-21 08:00:00,1.07157,1.0722,1.07039,1.07189,10892.0
2023-03-21 12:00:00,1.07189,1.07846,1.07161,1.07785,18392.0
2023-03-21 16:00:00,1.07787,1.07885,1.07608,1.07686,21204.0
2023-03-21 20:00:00,1.07684,1.07783,1.07562,1.07695,11077.0
2023-03-22 00:00:00,1.07698,1.07738,1.07657,1.07727,2806.0
2023-03-22 04:00:00,1.07725,1.07767,1.07652,1.07698,8428.0
2023-03-22 08:00:00,1.07697,1.07751,1.07588,1.07658,8610.0
2023-03-22 12:00:00,1.07658,1.0798,1.0765,1.07972,15503.0
2023-03-22 16:00:00,1.07972,1.08001,1.07755,1.07913,14817.0
2023-03-22 20:00:00,1.07912,1.09123,1.07886,1.08652,36242.0
2023-03-23 00:00:00,1.08647,1.08718,1.08544,1.0869,5582.0
2023-03-23 04:00:00,1.0869,1.09055,1.08685,1.09008,11449.0
2023-03-23 08:00:00,1.09007,1.09297,1.08949,1.09061,14101.0
2023-03-23 12:00:00,1.09061,1.09104,1.08667,1.08758,18725.0
2023-03-23 16:00:00,1.0876,1.09079,1.08695,1.08899,20831.0
2023-03-23 20:00:00,1.08897,1.08986,1.08241,1.08399,22487.0
2023-03-24 00:00:00,1.08398,1.08408,1.0827,1.08345,5329.0
2023-03-24 04:00:00,1.08346,1.08352,1.08172,1.08288,11683.0
2023-03-24 08:00:00,1.08287,1.0837,1.08226,1.08281,10237.0
2023-03-24 12:00:00,1.08282,1.08309,1.07132,1.07382,32428.0
2023-03-24 16:00:00,1.07381,1.07674,1.07229,1.07612,27830.0
2023-03-24 20:00:00,1.07611,1.07674,1.07513,1.07589,11134.0
2023-03-25 00:00:00,1.07591,1.07629,1.07588,1.07601,1187.0
2023-03-27 00:00:00,1.07707,1.07797,1.07629,1.07773,2303.0
2023-03-27 04:00:00,1.07774,1.07787,1.07577,1.07698,9081.0
2023-03-27 08:00:00,1.07697,1.07748,1.07511,1.07632,9375.0
2023-03-27 12:00:00,1.07631,1.07821,1.07449,1.07677,17206.0
2023-03-27 16:00:00,1.07682,1.07948,1.07669,1.07815,16509.0
2023-03-27 20:00:00,1.07814,1.07965,1.07774,1.07956,8845.0
2023-03-28 00:00:00,1.07958,1.08013,1.07919,1.07995,3555.0
2023-03-28 04:00:00,1.07994,1.08194,1.0799,1.08139,7728.0
2023-03-28 08:00:00,1.08141,1.0819,1.08061,1.08081,8468.0
2023-03-28 12:00:00,1.08085,1.08341,1.08085,1.08227,14695.0
2023-03-28 16:00:00,1.08227,1.08469,1.08163,1.08321,18394.0
2023-03-28 20:00:00,1.08322,1.0846,1.08312,1.08431,8872.0
2023-03-29 00:00:00,1.08431,1.08485,1.0837,1.08414,3237.0
2023-03-29 04:00:00,1.08417,1.08496,1.08364,1.08375,7089.0
2023-03-29 08:00:00,1.08377,1.08439,1.08227,1.08227,9027.0
2023-03-29 12:00:00,1.08229,1.08627,1.08177,1.08574,13545.0
2023-03-29 16:00:00,1.08574,1.08716,1.08259,1.08313,18090.0
2023-03-29 20:00:00,1.08311,1.08482,1.08235,1.08445,9988.0
2023-03-30 00:00:00,1.08441,1.08483,1.08383,1.08442,5323.0
2023-03-30 04:00:00,1.08443,1.08458,1.08274,1.08305,6766.0
2023-03-30 08:00:00,1.08306,1.08504,1.08263,1.08465,8418.0
2023-03-30 12:00:00,1.08464,1.08846,1.08235,1.08787,16120.0
2023-03-30 16:00:00,1.08785,1.09263,1.08723,1.09126,19925.0
2023-03-30 20:00:00,1.09125,1.09133,1.08921,1.09054,8851.0
2023-03-31 00:00:00,1.09053,1.09078,1.09021,1.09024,2829.0
2023-03-31 04:00:00,1.09024,1.09257,1.09021,1.09074,7834.0
2023-03-31 08:00:00,1.09071,1.09094,1.08877,1.09038,7913.0
2023-03-31 12:00:00,1.0904,1.09108,1.08675,1.08692,16957.0
2023-03-31 16:00:00,1.08693,1.09018,1.08576,1.08669,19431.0
2023-03-31 20:00:00,1.08675,1.08756,1.08481,1.08556,11068.0
2023-04-01 00:00:00,1.08554,1.08565,1.08368,1.08426,3249.0
2023-04-03 00:00:00,1.08402,1.08435,1.0805,1.08194,3297.0
2023-04-03 04:00:00,1.08194,1.08231,1.07908,1.07937,11093.0
2023-04-03 08:00:00,1.07944,1.08162,1.07882,1.08146,8008.0
2023-04-03 12:00:00,1.08153,1.08722,1.08125,1.08703,14224.0
2023-04-03 16:00:00,1.08702,1.09166,1.08608,1.0887,22497.0
2023-04-03 20:00:00,1.08872,1.09007,1.08784,1.08966,10243.0
2023-04-04 00:00:00,1.08967,1.09082,1.08947,1.09039,3361.0
2023-04-04 04:00:00,1.09039,1.09098,1.08884,1.08909,7685.0
2023-04-04 08:00:00,1.08908,1.09083,1.08827,1.09071,8587.0
2023-04-04 12:00:00,1.09072,1.09379,1.0902,1.09207,17624.0
2023-04-04 16:00:00,1.09207,1.09733,1.08867,1.09695,22769.0
2023-04-04 20:00:00,1.09692,1.09702,1.09432,1.09532,12338.0
2023-04-05 00:00:00,1.09532,1.09599,1.09502,1.09574,3566.0
2023-04-05 04:00:00,1.09575,1.09696,1.09564,1.0961,7576.0
2023-04-05 08:00:00,1.09609,1.09626,1.09466,1.09484,8223.0
2023-04-05 12:00:00,1.09483,1.09673,1.09408,1.09456,14537.0
2023-04-05 16:00:00,1.09457,1.09669,1.09027,1.09101,23833.0
2023-04-05 20:00:00,1.09101,1.09235,1.0891,1.0909,10291.0
2023-04-06 00:00:00,1.0909,1.09105,1.08988,1.09098,3564.0
2023-04-06 04:00:00,1.09099,1.091,1.08846,1.08865,6459.0
2023-04-06 08:00:00,1.08866,1.09065,1.0886,1.09021,6094.0
2023-04-06 12:00:00,1.09022,1.0917,1.08924,1.08997,13528.0
2023-04-06 16:00:00,1.08997,1.0924,1.0886,1.09231,17027.0
2023-04-06 20:00:00,1.09231,1.09376,1.09196,1.0931,7934.0
2023-04-07 00:00:00,1.09312,1.09312,1.09156,1.09166,3061.0
2023-04-07 04:00:00,1.09172,1.0924,1.09141,1.09206,2530.0
2023-04-07 08:00:00,1.09206,1.09211,1.09114,1.0918,2507.0
2023-04-07 12:00:00,1.09181,1.09217,1.09104,1.09216,2695.0
2023-04-07 16:00:00,1.09216,1.09216,1.08764,1.09148,9884.0
2023-04-07 20:00:00,1.09146,1.09154,1.09031,1.09062,2235.0
2023-04-08 00:00:00,1.0905,1.09066,1.08964,1.08985,488.0
2023-04-10 00:00:00,1.09004,1.09114,1.08996,1.09095,1555.0
2023-04-10 04:00:00,1.09095,1.09147,1.08972,1.08984,5871.0
2023-04-10 08:00:00,1.08984,1.09053,1.08907,1.09048,4252.0
2023-04-10 12:00:00,1.09049,1.09172,1.09041,1.09063,6322.0
2023-04-10 16:00:00,1.09062,1.09082,1.08313,1.08382,15781.0
2023-04-10 20:00:00,1.08383,1.08594,1.08373,1.08591,6496.0
2023-04-11 00:00:00,1.08592,1.08658,1.0855,1.08649,6378.0
2023-04-11 04:00:00,1.08651,1.08853,1.08636,1.08825,7554.0
2023-04-11 08:00:00,1.08824,1.08974,1.08795,1.08842,8443.0
2023-04-11 12:00:00,1.08841,1.09267,1.08834,1.09226,14562.0
2023-04-11 16:00:00,1.09225,1.0928,1.09023,1.09112,14536.0
2023-04-11 20:00:00,1.09112,1.09162,1.08961,1.09074,7916.0
2023-04-12 00:00:00,1.09078,1.09177,1.09074,1.09168,2718.0
2023-04-12 04:00:00,1.09168,1.09287,1.09145,1.0919,5368.0
2023-04-12 08:00:00,1.0919,1.09373,1.09158,1.09265,6117.0
2023-04-12 12:00:00,1.09265,1.09359,1.0918,1.09246,10599.0
2023-04-12 16:00:00,1.09247,1.1,1.09197,1.09761,25464.0
2023-04-12 20:00:00,1.09758,1.10002,1.09702,1.09949,11539.0
2023-04-13 00:00:00,1.09948,1.09965,1.09865,1.09951,3440.0
2023-04-13 04:00:00,1.09952,1.1005,1.09879,1.09928,7510.0
2023-04-13 08:00:00,1.09925,1.09933,1.09767,1.09811,7107.0
2023-04-13 12:00:00,1.0981,1.10317,1.09809,1.10142,13588.0
2023-04-13 16:00:00,1.10141,1.10677,1.10082,1.10471,20175.0
2023-04-13 20:00:00,1.1047,1.10616,1.10439,1.10485,9082.0
2023-04-14 00:00:00,1.10484,1.10495,1.10439,1.10479,2710.0
2023-04-14 04:00:00,1.10479,1.10752,1.10479,1.10702,5764.0
2023-04-14 08:00:00,1.10702,1.10759,1.1062,1.10667,6978.0
2023-04-14 12:00:00,1.10669,1.10716,1.10538,1.10586,10165.0
2023-04-14 16:00:00,1.10586,1.10738,1.09962,1.1006,25756.0
2023-04-14 20:00:00,1.10061,1.10095,1.09724,1.09988,11657.0
2023-04-15 00:00:00,1.09987,1.09992,1.09921,1.09948,2337.0
2023-04-17 00:00:00,1.09903,1.09939,1.09855,1.09868,1335.0
2023-04-17 04:00:00,1.09869,1.09915,1.09617,1.09807,6289.0
2023-04-17 08:00:00,1.09807,1.09946,1.09757,1.09865,6840.0
2023-04-17 12:00:00,1.09865,1.09998,1.09641,1.09816,12336.0
2023-04-17 16:00:00,1.09817,1.09843,1.09091,1.09143,19026.0
2023-04-17 20:00:00,1.09141,1.09272,1.09105,1.09258,9775.0
2023-04-18 00:00:00,1.0926,1.09312,1.09213,1.09239,2471.0
2023-04-18 04:00:00,1.0924,1.09361,1.09222,1.0934,5624.0
2023-04-18 08:00:00,1.0934,1.09525,1.09332,1.09491,6787.0
2023-04-18 12:00:00,1.09486,1.0983,1.09468,1.09776,12499.0
2023-04-18 16:00:00,1.09784,1.09785,1.09429,1.09621,15886.0
2023-04-18 20:00:00,1.0962,1.09744,1.09547,1.09713,7346.0
2023-04-19 00:00:00,1.09714,1.09752,1.09659,1.09739,4090.0
2023-04-19 04:00:00,1.0974,1.0984,1.09649,1.09739,6133.0
2023-04-19 08:00:00,1.0974,1.09755,1.09464,1.09561,9135.0
2023-04-19 12:00:00,1.09562,1.09723,1.09258,1.09338,14825.0
2023-04-19 16:00:00,1.09337,1.09793,1.09172,1.09571,16562.0
2023-04-19 20:00:00,1.09572,1.09668,1.0951,1.09526,9491.0
2023-04-20 00:00:00,1.09527,1.09576,1.09517,1.09527,2429.0
2023-04-20 04:00:00,1.09526,1.09614,1.09471,1.09541,6724.0
2023-04-20 08:00:00,1.09541,1.0973,1.09531,1.0967,6066.0
2023-04-20 12:00:00,1.09671,1.09784,1.095,1.09708,13832.0
2023-04-20 16:00:00,1.09709,1.09897,1.09335,1.09794,20091.0
2023-04-20 20:00:00,1.09797,1.09806,1.09586,1.09649,8361.0
2023-04-21 00:00:00,1.0965,1.09718,1.09563,1.09685,3806.0
2023-04-21 04:00:00,1.09685,1.09732,1.09619,1.09652,5012.0
2023-04-21 08:00:00,1.09652,1.09665,1.09379,1.09417,6286.0
2023-04-21 12:00:00,1.09415,1.09722,1.09385,1.09651,13104.0
2023-04-21 16:00:00,1.09652,1.09937,1.09425,1.09719,19316.0
2023-04-21 20:00:00,1.09724,1.09879,1.09692,1.09765,10221.0
2023-04-22 00:00:00,1.09766,1.09929,1.09745,1.09895,2715.0
2023-04-24 00:00:00,1.0989,1.0993,1.09866,1.09923,930.0
2023-04-24 04:00:00,1.09924,1.09962,1.09804,1.0981,5627.0
2023-04-24 08:00:00,1.09808,1.09865,1.09725,1.09747,6271.0
2023-04-24 12:00:00,1.09749,1.10205,1.09658,1.10164,13232.0
2023-04-24 16:00:00,1.10165,1.10369,1.09992,1.10293,15274.0
2023-04-24 20:00:00,1.10293,1.10502,1.10205,1.10466,8562.0
2023-04-25 00:00:00,1.10465,1.1052,1.10411,1.10511,2482.0
2023-04-25 04:00:00,1.1051,1.10671,1.10494,1.10539,6292.0
2023-04-25 08:00:00,1.10538,1.10589,1.10451,1.10516,7544.0
2023-04-25 12:00:00,1.10515,1.10516,1.10195,1.10205,13827.0
2023-04-25 16:00:00,1.10205,1.10292,1.0975,1.09767,16954.0
2023-04-25 20:00:00,1.09768,1.09875,1.09641,1.09725,11613.0
2023-04-26 00:00:00,1.09724,1.09799,1.09652,1.09782,4284.0
2023-04-26 04:00:00,1.09781,1.09803,1.09684,1.0977,6901.0
2023-04-26 08:00:00,1.09771,1.10117,1.09721,1.10067,6921.0
2023-04-26 12:00:00,1.10066,1.10626,1.10041,1.1045,19004.0
2023-04-26 16:00:00,1.10452,1.10955,1.10313,1.10435,25861.0
2023-04-26 20:00:00,1.10438,1.10568,1.10324,1.1039,12216.0
2023-04-27 00:00:00,1.10388,1.10443,1.10324,1.10397,4173.0
2023-04-27 04:00:00,1.10397,1.10537,1.10386,1.10528,7044.0
2023-04-27 08:00:00,1.10531,1.10635,1.10456,1.10559,7827.0
2023-04-27 12:00:00,1.10559,1.10593,1.1034,1.10448,13503.0
2023-04-27 16:00:00,1.10447,1.10572,1.0992,1.10106,23565.0
2023-04-27 20:00:00,1.10107,1.10273,1.10055,1.10269,10171.0
2023-04-28 00:00:00,1.10268,1.10299,1.10212,1.10267,3987.0
2023-04-28 04:00:00,1.10269,1.10395,1.10155,1.1017,7986.0
2023-04-28 08:00:00,1.10168,1.10363,1.10057,1.10252,13669.0
2023-04-28 12:00:00,1.10251,1.10251,1.09767,1.09839,17277.0
2023-04-28 16:00:00,1.09838,1.10411,1.09626,1.10368,24380.0
2023-04-28 20:00:00,1.10369,1.10449,1.10153,1.1017,13106.0
2023-04-29 00:00:00,1.10172,1.10209,1.10119,1.10166,3162.0
2023-05-01 00:00:00,1.10195,1.10212,1.10107,1.10114,990.0
2023-05-01 04:00:00,1.10113,1.10143,1.10007,1.10082,4372.0
2023-05-01 08:00:00,1.10081,1.10143,1.09948,1.09978,6092.0
2023-05-01 12:00:00,1.09979,1.10095,1.09884,1.10089,7916.0
2023-05-01 16:00:00,1.10093,1.10355,1.09779,1.09815,16787.0
2023-05-01 20:00:00,1.09814,1.09821,1.09643,1.09694,11452.0
2023-05-02 00:00:00,1.09695,1.09763,1.09657,1.0974,5335.0
2023-05-02 04:00:00,1.0974,1.09945,1.09673,1.09885,5833.0
2023-05-02 08:00:00,1.09884,1.09947,1.0979,1.09915,9060.0
2023-05-02 12:00:00,1.09914,1.10066,1.09481,1.09569,16506.0
2023-05-02 16:00:00,1.09568,1.0993,1.0942,1.09791,19704.0
2023-05-02 20:00:00,1.0979,1.10036,1.09777,1.10011,12371.0
2023-05-03 00:00:00,1.10011,1.1008,1.09987,1.10063,3390.0
2023-05-03 04:00:00,1.10061,1.10258,1.10047,1.10253,4538.0
2023-05-03 08:00:00,1.10252,1.10318,1.10142,1.10307,5733.0
2023-05-03 12:00:00,1.10306,1.10469,1.10259,1.10328,11073.0
2023-05-03 16:00:00,1.10329,1.10594,1.10218,1.10527,16634.0
2023-05-03 20:00:00,1.10526,1.10916,1.10373,1.10599,21364.0
2023-05-04 00:00:00,1.10599,1.10781,1.10403,1.10679,13606.0
2023-05-04 04:00:00,1.10674,1.10875,1.10641,1.10839,8904.0
2023-05-04 08:00:00,1.1084,1.10916,1.10727,1.10754,8143.0
2023-05-04 12:00:00,1.10753,1.10767,1.10365,1.10606,14407.0
2023-05-04 16:00:00,1.10606,1.10824,1.09862,1.10006,31089.0
2023-05-04 20:00:00,1.10007,1.10316,1.09954,1.10158,15503.0
2023-05-05 00:00:00,1.10157,1.10214,1.10084,1.10212,3651.0
2023-05-05 04:00:00,1.10213,1.10371,1.1019,1.10312,4586.0
2023-05-05 08:00:00,1.10312,1.10469,1.10299,1.10453,7793.0
2023-05-05 12:00:00,1.10456,1.10478,1.10213,1.10249,10711.0
2023-05-05 16:00:00,1.10248,1.10258,1.09667,1.10069,21553.0
2023-05-05 20:00:00,1.10068,1.10366,1.1005,1.10264,11071.0
2023-05-06 00:00:00,1.10263,1.10264,1.10166,1.10183,2767.0
2023-05-08 00:00:00,1.10139,1.10229,1.10139,1.10163,1113.0
2023-05-08 04:00:00,1.10163,1.1037,1.10142,1.1032,6046.0
2023-05-08 08:00:00,1.10321,1.10506,1.10314,1.10482,6007.0
2023-05-08 12:00:00,1.10481,1.10536,1.10228,1.10479,10511.0
2023-05-08 16:00:00,1.1048,1.10515,1.10129,1.10157,12471.0
2023-05-08 20:00:00,1.10158,1.10292,1.1005,1.10057,8357.0
2023-05-09 00:00:00,1.1006,1.10077,1.09984,1.10012,3015.0
2023-05-09 04:00:00,1.10011,1.10023,1.09848,1.09906,5781.0
2023-05-09 08:00:00,1.09906,1.10007,1.09846,1.09941,6081.0
2023-05-09 12:00:00,1.09943,1.10003,1.09726,1.09797,11969.0
2023-05-09 16:00:00,1.09798,1.09827,1.09411,1.09559,13917.0
2023-05-09 20:00:00,1.09561,1.09724,1.09492,1.09664,8966.0
2023-05-10 00:00:00,1.09664,1.09698,1.09444,1.0965,3754.0
2023-05-10 04:00:00,1.09651,1.09749,1.09639,1.09743,4588.0
2023-05-10 08:00:00,1.09744,1.09773,1.09623,1.09695,5370.0
2023-05-10 12:00:00,1.09694,1.09825,1.09478,1.09547,11427.0
2023-05-10 16:00:00,1.09547,1.10068,1.09415,1.09722,24420.0
2023-05-10 20:00:00,1.09723,1.09825,1.09616,1.09767,10689.0
2023-05-11 00:00:00,1.0977,1.09865,1.09758,1.09864,2968.0
2023-05-11 04:00:00,1.09862,1.0998,1.09751,1.09806,6156.0
2023-05-11 08:00:00,1.09806,1.09822,1.09291,1.09304,6478.0
2023-05-11 12:00:00,1.09304,1.09386,1.09178,1.09224,15092.0
2023-05-11 16:00:00,1.09224,1.09478,1.09001,1.09175,25236.0
2023-05-11 20:00:00,1.09172,1.0929,1.09094,1.09185,9744.0
2023-05-12 00:00:00,1.09185,1.09216,1.09144,1.09165,2446.0
2023-05-12 04:00:00,1.09164,1.09253,1.09115,1.09185,5264.0
2023-05-12 08:00:00,1.09185,1.09344,1.0915,1.09289,7166.0
2023-05-12 12:00:00,1.09288,1.09355,1.08989,1.09052,11897.0
2023-05-12 16:00:00,1.09051,1.09056,1.08616,1.08623,16313.0
2023-05-12 20:00:00,1.08623,1.08649,1.08485,1.0853,8046.0
2023-05-13 00:00:00,1.0853,1.08549,1.08479,1.08499,2220.0
2023-05-15 00:00:00,1.08533,1.0855,1.08452,1.08498,1064.0
2023-05-15 04:00:00,1.08498,1.08642,1.08479,1.08553,5912.0
2023-05-15 08:00:00,1.08553,1.0872,1.08549,1.08699,6578.0
2023-05-15 12:00:00,1.08697,1.08801,1.08554,1.08779,10444.0
2023-05-15 16:00:00,1.0878,1.08908,1.08646,1.08647,13893.0
2023-05-15 20:00:00,1.08649,1.08789,1.0864,1.08743,6116.0
2023-05-16 00:00:00,1.08742,1.08771,1.08723,1.0876,2418.0
2023-05-16 04:00:00,1.08757,1.08836,1.08682,1.08835,5568.0
2023-05-16 08:00:00,1.08834,1.08847,1.08628,1.08763,6070.0
2023-05-16 12:00:00,1.08761,1.09046,1.08718,1.08951,11667.0
2023-05-16 16:00:00,1.0895,1.08973,1.08597,1.08665,17852.0
2023-05-16 20:00:00,1.08664,1.08721,1.08549,1.08677,8927.0
2023-05-17 00:00:00,1.08675,1.08697,1.08581,1.08624,2847.0
2023-05-17 04:00:00,1.08624,1.08736,1.08605,1.08697,6594.0
2023-05-17 08:00:00,1.08698,1.08712,1.08501,1.08538,6562.0
2023-05-17 12:00:00,1.08536,1.08636,1.08206,1.08303,12769.0
2023-05-17 16:00:00,1.08304,1.08416,1.08102,1.08206,15446.0
2023-05-17 20:00:00,1.08206,1.08491,1.08177,1.08374,9479.0
2023-05-18 00:00:00,1.08375,1.08439,1.08369,1.08385,2784.0
2023-05-18 04:00:00,1.08383,1.08481,1.08347,1.08463,5994.0
2023-05-18 08:00:00,1.08463,1.08472,1.08234,1.08259,6288.0
2023-05-18 12:00:00,1.0826,1.0831,1.08056,1.08152,10680.0
2023-05-18 16:00:00,1.08153,1.08179,1.07669,1.07693,15480.0
2023-05-18 20:00:00,1.07694,1.07812,1.07624,1.07668,8503.0
2023-05-19 00:00:00,1.07669,1.07767,1.0766,1.07762,2865.0
2023-05-19 04:00:00,1.0776,1.07802,1.07599,1.07722,6792.0
2023-05-19 08:00:00,1.07721,1.0792,1.07605,1.07814,7445.0
2023-05-19 12:00:00,1.07812,1.08042,1.07708,1.07945,12846.0
2023-05-19 16:00:00,1.07944,1.08235,1.07843,1.0786,15690.0
2023-05-19 20:00:00,1.0786,1.08288,1.0782,1.08084,15821.0
2023-05-20 00:00:00,1.08086,1.08092,1.07977,1.08047,2495.0
2023-05-22 00:00:00,1.08048,1.08198,1.08048,1.08172,704.0
2023-05-22 04:00:00,1.08168,1.08299,1.08166,1.08228,7656.0
2023-05-22 08:00:00,1.08228,1.08254,1.08073,1.08107,6947.0
2023-05-22 12:00:00,1.08104,1.08295,1.07955,1.08219,11543.0
2023-05-22 16:00:00,1.08221,1.08312,1.07973,1.07984,16857.0
2023-05-22 20:00:00,1.07985,1.08216,1.07961,1.08191,8997.0
2023-05-23 00:00:00,1.08188,1.08197,1.08082,1.08126,3262.0
2023-05-23 04:00:00,1.08127,1.08206,1.08026,1.08102,6498.0
2023-05-23 08:00:00,1.08101,1.08131,1.08001,1.08091,6896.0
2023-05-23 12:00:00,1.08092,1.08097,1.07697,1.07778,14101.0
2023-05-23 16:00:00,1.07776,1.07956,1.0763,1.07787,18050.0
2023-05-23 20:00:00,1.07785,1.07807,1.07602,1.07762,8722.0
2023-05-24 00:00:00,1.07762,1.07764,1.07664,1.07723,2980.0
2023-05-24 04:00:00,1.07724,1.07766,1.07676,1.07745,6208.0
2023-05-24 08:00:00,1.07746,1.07893,1.07726,1.07776,7539.0
2023-05-24 12:00:00,1.07777,1.07948,1.07481,1.07514,14734.0
2023-05-24 16:00:00,1.07513,1.08013,1.0751,1.07626,17889.0
2023-05-24 20:00:00,1.07627,1.0766,1.07494,1.07506,13498.0
2023-05-25 00:00:00,1.07509,1.07571,1.07423,1.0755,4608.0
2023-05-25 04:00:00,1.07545,1.07567,1.07401,1.07416,7034.0
2023-05-25 08:00:00,1.07416,1.0744,1.07281,1.07321,7207.0
2023-05-25 12:00:00,1.07322,1.07383,1.07141,1.07226,13391.0
2023-05-25 16:00:00,1.07227,1.07402,1.07073,1.07283,20903.0
2023-05-25 20:00:00,1.07286,1.07309,1.07113,1.07209,9835.0
2023-05-26 00:00:00,1.07212,1.0728,1.07152,1.07261,3805.0
2023-05-26 04:00:00,1.07263,1.07373,1.07189,1.0734,5930.0
2023-05-26 08:00:00,1.07341,1.07428,1.07286,1.07293,6289.0
2023-05-26 12:00:00,1.07292,1.07467,1.07253,1.07441,12533.0
2023-05-26 16:00:00,1.07441,1.07587,1.07019,1.07053,19781.0
2023-05-26 20:00:00,1.07052,1.07327,1.07017,1.07293,9890.0
2023-05-27 00:00:00,1.07294,1.07313,1.07248,1.07255,1578.0
2023-05-29 00:00:00,1.07204,1.07292,1.0718,1.0719,1339.0
2023-05-29 04:00:00,1.07195,1.07355,1.07172,1.07313,4480.0
2023-05-29 08:00:00,1.07312,1.07435,1.07292,1.07364,3924.0
2023-05-29 12:00:00,1.07365,1.07388,1.0712,1.07151,6865.0
2023-05-29 16:00:00,1.07149,1.07189,1.07058,1.07086,5526.0
2023-05-29 20:00:00,1.07087,1.07152,1.07081,1.07107,1511.0
2023-05-30 00:00:00,1.07108,1.07123,1.07055,1.07097,1090.0
2023-05-30 04:00:00,1.07098,1.07262,1.07042,1.07213,6247.0
2023-05-30 08:00:00,1.07214,1.07217,1.06811,1.06943,9438.0
2023-05-30 12:00:00,1.06908,1.07359,1.06723,1.07315,16114.0
2023-05-30 16:00:00,1.07316,1.07466,1.07186,1.07276,16979.0
2023-05-30 20:00:00,1.07275,1.07285,1.07141,1.07196,7944.0
2023-05-31 00:00:00,1.07194,1.07347,1.0718,1.0732,2808.0
2023-05-31 04:00:00,1.07321,1.07357,1.07027,1.07046,7508.0
2023-05-31 08:00:00,1.07046,1.0705,1.06793,1.06848,8650.0
2023-05-31 12:00:00,1.06841,1.06845,1.06586,1.06762,14346.0
2023-05-31 16:00:00,1.06766,1.07053,1.06575,1.06612,18595.0
2023-05-31 20:00:00,1.06615,1.06798,1.06351,1.06741,14094.0
2023-06-01 00:00:00,1.0674,1.06945,1.06705,1.0693,4773.0
2023-06-01 04:00:00,1.0693,1.06971,1.06801,1.06904,7530.0
2023-06-01 08:00:00,1.06904,1.06935,1.06732,1.0684,8025.0
2023-06-01 12:00:00,1.06841,1.07147,1.06617,1.07089,13101.0
2023-06-01 16:00:00,1.07088,1.07417,1.06844,1.07314,21693.0
2023-06-01 20:00:00,1.07316,1.07684,1.07279,1.07617,10361.0
2023-06-02 00:00:00,1.07617,1.07652,1.07557,1.07651,3094.0
2023-06-02 04:00:00,1.07654,1.0767,1.07581,1.07654,5401.0
2023-06-02 08:00:00,1.07655,1.07789,1.07619,1.07709,6507.0
2023-06-02 12:00:00,1.0771,1.07771,1.07601,1.07673,10685.0
2023-06-02 16:00:00,1.07674,1.0771,1.07211,1.07234,21103.0
2023-06-02 20:00:00,1.07235,1.07298,1.07056,1.07124,8739.0
2023-06-03 00:00:00,1.07125,1.07143,1.07053,1.0706,1643.0
2023-06-05 00:00:00,1.07059,1.07086,1.07009,1.07009,1094.0
2023-06-05 04:00:00,1.0701,1.07046,1.06903,1.07002,7300.0
2023-06-05 08:00:00,1.07001,1.0704,1.06892,1.06936,6630.0
2023-06-05 12:00:00,1.06936,1.06994,1.06834,1.06929,9982.0
2023-06-05 16:00:00,1.06927,1.07224,1.06745,1.07108,16271.0
2023-06-05 20:00:00,1.07107,1.07213,1.07031,1.07137,7627.0
2023-06-06 00:00:00,1.07141,1.07174,1.07078,1.07135,2844.0
2023-06-06 04:00:00,1.07132,1.07247,1.07075,1.07184,5042.0
2023-06-06 08:00:00,1.07183,1.07328,1.07143,1.07242,7676.0
2023-06-06 12:00:00,1.07239,1.07273,1.06825,1.06977,14104.0
2023-06-06 16:00:00,1.06978,1.07003,1.06669,1.06907,13221.0
2023-06-06 20:00:00,1.06908,1.06978,1.0682,1.06941,7139.0
2023-06-07 00:00:00,1.0694,1.0696,1.06903,1.0695,2039.0
2023-06-07 04:00:00,1.06947,1.07044,1.06888,1.06929,5086.0
2023-06-07 08:00:00,1.0693,1.06955,1.06728,1.06765,5671.0
2023-06-07 12:00:00,1.06764,1.07187,1.06682,1.07149,9876.0
2023-06-07 16:00:00,1.0715,1.07396,1.0703,1.07078,17130.0
2023-06-07 20:00:00,1.07077,1.07105,1.06907,1.07023,9286.0
2023-06-08 00:00:00,1.07024,1.07052,1.06935,1.06993,2895.0
2023-06-08 04:00:00,1.06994,1.07114,1.06967,1.07067,5782.0
2023-06-08 08:00:00,1.07067,1.0719,1.07055,1.07111,5974.0
2023-06-08 12:00:00,1.07113,1.07338,1.07009,1.07299,10472.0
2023-06-08 16:00:00,1.07297,1.07759,1.07239,1.07693,18298.0
2023-06-08 20:00:00,1.07692,1.0787,1.07672,1.07791,9587.0
2023-06-09 00:00:00,1.07792,1.07842,1.07735,1.0784,2792.0
2023-06-09 04:00:00,1.07839,1.07851,1.07757,1.07768,5504.0
2023-06-09 08:00:00,1.07767,1.07839,1.07725,1.07787,5326.0
2023-06-09 12:00:00,1.07787,1.07797,1.07565,1.07612,10299.0
2023-06-09 16:00:00,1.07611,1.0784,1.07538,1.07566,14344.0
2023-06-09 20:00:00,1.07565,1.07596,1.07434,1.07497,6444.0
2023-06-10 00:00:00,1.07497,1.07508,1.07429,1.07495,1674.0
2023-06-12 00:00:00,1.07472,1.07492,1.07431,1.07449,838.0
2023-06-12 04:00:00,1.07449,1.07515,1.07331,1.07385,4533.0
2023-06-12 08:00:00,1.07381,1.07537,1.07364,1.07491,4878.0
2023-06-12 12:00:00,1.0749,1.079,1.07442,1.07727,12326.0
2023-06-12 16:00:00,1.07726,1.07757,1.07431,1.07472,13294.0
2023-06-12 20:00:00,1.07473,1.07591,1.07439,1.07559,7275.0
2023-06-13 00:00:00,1.0756,1.07633,1.07527,1.07601,2661.0
2023-06-13 04:00:00,1.076,1.07756,1.07592,1.07743,5114.0
2023-06-13 08:00:00,1.07744,1.07979,1.07741,1.0793,8798.0
2023-06-13 12:00:00,1.07925,1.08107,1.07925,1.07985,11560.0
2023-06-13 16:00:00,1.07986,1.08236,1.07782,1.08019,21754.0
2023-06-13 20:00:00,1.0802,1.08091,1.07829,1.079,10517.0
2023-06-14 00:00:00,1.079,1.07957,1.07846,1.07915,3088.0
2023-06-14 04:00:00,1.07915,1.07961,1.07856,1.07958,4621.0
2023-06-14 08:00:00,1.07959,1.07959,1.0774,1.07852,5604.0
2023-06-14 12:00:00,1.07854,1.08098,1.07854,1.08066,9118.0
2023-06-14 16:00:00,1.08067,1.08563,1.08018,1.08557,13880.0
2023-06-14 20:00:00,1.08555,1.08643,1.08011,1.08342,19437.0
2023-06-15 00:00:00,1.08343,1.08439,1.08207,1.08321,8833.0
2023-06-15 04:00:00,1.08323,1.08445,1.08082,1.08133,6855.0
2023-06-15 08:00:00,1.08134,1.08235,1.08037,1.08105,7091.0
2023-06-15 12:00:00,1.08105,1.08487,1.08057,1.08422,10093.0
2023-06-15 16:00:00,1.08423,1.09212,1.08145,1.09105,22310.0
2023-06-15 20:00:00,1.09102,1.09511,1.09098,1.09502,9134.0
2023-06-16 00:00:00,1.09502,1.09525,1.09397,1.09489,3526.0
2023-06-16 04:00:00,1.0949,1.09512,1.09355,1.09362,6739.0
2023-06-16 08:00:00,1.09363,1.09623,1.09363,1.09472,7083.0
2023-06-16 12:00:00,1.09472,1.09536,1.09338,1.09441,11504.0
2023-06-16 16:00:00,1.09443,1.09707,1.09177,1.09253,17590.0
2023-06-16 20:00:00,1.09251,1.09453,1.09216,1.09444,9496.0
2023-06-17 00:00:00,1.09442,1.09442,1.09344,1.09409,2658.0
2023-06-19 00:00:00,1.09314,1.09433,1.09308,1.09428,1459.0
2023-06-19 04:00:00,1.09429,1.09462,1.09335,1.09362,5099.0
2023-06-19 08:00:00,1.09362,1.09414,1.09274,1.09295,6541.0
2023-06-19 12:00:00,1.09296,1.09387,1.0907,1.09197,9934.0
2023-06-19 16:00:00,1.09195,1.09294,1.09122,1.09229,8494.0
2023-06-19 20:00:00,1.09228,1.09288,1.09157,1.09192,3270.0
2023-06-20 00:00:00,1.09194,1.09261,1.09174,1.09229,1338.0
2023-06-20 04:00:00,1.09229,1.0926,1.09105,1.09223,6938.0
2023-06-20 08:00:00,1.09224,1.09323,1.09116,1.09215,7188.0
2023-06-20 12:00:00,1.09215,1.09462,1.09149,1.09282,11603.0
2023-06-20 16:00:00,1.09281,1.09358,1.08922,1.09014,17044.0
2023-06-20 20:00:00,1.09015,1.09174,1.08955,1.0917,9619.0
2023-06-21 00:00:00,1.09168,1.0921,1.09096,1.09197,3064.0
2023-06-21 04:00:00,1.09196,1.09223,1.09116,1.09123,6213.0
2023-06-21 08:00:00,1.09124,1.09194,1.09055,1.09101,8454.0
2023-06-21 12:00:00,1.09102,1.09338,1.0909,1.09183,12576.0
2023-06-21 16:00:00,1.09185,1.0964,1.0908,1.09546,18942.0
2023-06-21 20:00:00,1.09545,1.099,1.09432,1.09846,11467.0
2023-06-22 00:00:00,1.09846,1.09908,1.09807,1.09907,3667.0
2023-06-22 04:00:00,1.09906,1.09948,1.09865,1.09932,4290.0
2023-06-22 08:00:00,1.09933,1.09942,1.09806,1.09824,5807.0
2023-06-22 12:00:00,1.09826,1.10081,1.09798,1.10043,11586.0
2023-06-22 16:00:00,1.10044,1.10119,1.09584,1.09591,21248.0
2023-06-22 20:00:00,1.0959,1.09666,1.09484,1.0959,10281.0
2023-06-23 00:00:00,1.0959,1.09615,1.09528,1.09535,3647.0
2023-06-23 04:00:00,1.09536,1.09582,1.0932,1.09385,7301.0
2023-06-23 08:00:00,1.09385,1.09405,1.09205,1.09229,8678.0
2023-06-23 12:00:00,1.09227,1.0926,1.08444,1.08682,17443.0
2023-06-23 16:00:00,1.08681,1.09025,1.0866,1.08825,18242.0
2023-06-23 20:00:00,1.08824,1.08962,1.08787,1.08919,8787.0
2023-06-24 00:00:00,1.08918,1.08947,1.0887,1.08942,2234.0
2023-06-26 00:00:00,1.08995,1.09069,1.08936,1.09065,1550.0
2023-06-26 04:00:00,1.09061,1.09098,1.08987,1.09048,8308.0
2023-06-26 08:00:00,1.09046,1.09109,1.08977,1.09033,6417.0
2023-06-26 12:00:00,1.09034,1.09083,1.08871,1.09043,11987.0
2023-06-26 16:00:00,1.09043,1.09202,1.09026,1.09081,11658.0
2023-06-26 20:00:00,1.0908,1.09177,1.09,1.09148,7079.0
2023-06-27 00:00:00,1.09148,1.09151,1.0904,1.09108,2785.0
2023-06-27 04:00:00,1.09109,1.0935,1.09019,1.09228,7369.0
2023-06-27 08:00:00,1.09228,1.09334,1.09161,1.09308,7063.0
2023-06-27 12:00:00,1.09309,1.09526,1.09259,1.09514,11495.0
2023-06-27 16:00:00,1.09515,1.09767,1.09423,1.09489,18619.0
2023-06-27 20:00:00,1.09487,1.09655,1.09458,1.09598,9227.0
2023-06-28 00:00:00,1.09599,1.09639,1.09562,1.09571,2731.0
2023-06-28 04:00:00,1.09571,1.09614,1.09421,1.09492,8138.0
2023-06-28 08:00:00,1.09493,1.09548,1.09358,1.09381,6611.0
2023-06-28 12:00:00,1.09383,1.09621,1.09383,1.09545,12129.0
2023-06-28 16:00:00,1.09541,1.09556,1.08966,1.08985,18127.0
2023-06-28 20:00:00,1.08985,1.09237,1.08979,1.09223,10650.0
2023-06-29 00:00:00,1.09224,1.09224,1.09098,1.09138,2887.0
2023-06-29 04:00:00,1.09139,1.09186,1.0893,1.08934,6481.0
2023-06-29 08:00:00,1.08933,1.09,1.08806,1.08973,8332.0
2023-06-29 12:00:00,1.08977,1.09277,1.08977,1.09275,11713.0
2023-06-29 16:00:00,1.09275,1.09413,1.08601,1.08895,21335.0
2023-06-29 20:00:00,1.08892,1.08965,1.08655,1.08669,9874.0
2023-06-30 00:00:00,1.08669,1.0872,1.08621,1.08653,3020.0
2023-06-30 04:00:00,1.08655,1.08752,1.08602,1.08665,6398.0
2023-06-30 08:00:00,1.08664,1.08754,1.08566,1.0864,7269.0
2023-06-30 12:00:00,1.08635,1.08692,1.08352,1.08533,11985.0
2023-06-30 16:00:00,1.08532,1.09317,1.08489,1.09104,21618.0
2023-06-30 20:00:00,1.09102,1.09229,1.09064,1.09108,10612.0
2023-07-01 00:00:00,1.09112,1.09147,1.09078,1.09106,3023.0
2023-07-03 00:00:00,1.09105,1.0913,1.09054,1.091,729.0
2023-07-03 04:00:00,1.09101,1.09177,1.09004,1.09075,6022.0
2023-07-03 08:00:00,1.09074,1.09182,1.08881,1.08901,6228.0
2023-07-03 12:00:00,1.08902,1.08961,1.08701,1.0892,11475.0
2023-07-03 16:00:00,1.0892,1.09337,1.08871,1.09067,15795.0
2023-07-03 20:00:00,1.09068,1.09229,1.09018,1.09117,6749.0
2023-07-04 00:00:00,1.09117,1.09155,1.09083,1.09124,1150.0
2023-07-04 04:00:00,1.0913,1.09163,1.09024,1.09057,3567.0
2023-07-04 08:00:00,1.09055,1.09147,1.08938,1.09147,5130.0
2023-07-04 12:00:00,1.09147,1.09148,1.08919,1.0896,8667.0
2023-07-04 16:00:00,1.08961,1.09075,1.08895,1.09018,7050.0
2023-07-04 20:00:00,1.09018,1.09026,1.08866,1.08873,3347.0
2023-07-05 00:00:00,1.08874,1.08877,1.0877,1.08805,2082.0
2023-07-05 04:00:00,1.08807,1.08908,1.08749,1.08781,4619.0
2023-07-05 08:00:00,1.08782,1.08888,1.08676,1.08824,5580.0
2023-07-05 12:00:00,1.08827,1.09079,1.08662,1.08781,14241.0
2023-07-05 16:00:00,1.0878,1.09019,1.08669,1.08736,15105.0
2023-07-05 20:00:00,1.08738,1.08771,1.08509,1.08533,9480.0
2023-07-06 00:00:00,1.08534,1.08572,1.0852,1.0853,3444.0
2023-07-06 04:00:00,1.08529,1.08563,1.08428,1.0847,6165.0
2023-07-06 08:00:00,1.08469,1.08691,1.08336,1.08672,8587.0
2023-07-06 12:00:00,1.08672,1.089,1.08453,1.08866,15202.0
2023-07-06 16:00:00,1.08865,1.09006,1.08335,1.0868,27122.0
2023-07-06 20:00:00,1.0868,1.08859,1.08581,1.08806,12128.0
2023-07-07 00:00:00,1.08806,1.08924,1.08806,1.08912,3064.0
2023-07-07 04:00:00,1.08912,1.08949,1.08822,1.08859,6277.0
2023-07-07 08:00:00,1.08859,1.09001,1.08812,1.08828,6921.0
2023-07-07 12:00:00,1.08829,1.08964,1.08668,1.08923,13484.0
2023-07-07 16:00:00,1.08923,1.09541,1.08746,1.09489,25399.0
2023-07-07 20:00:00,1.09488,1.09731,1.09446,1.09673,11187.0
2023-07-08 00:00:00,1.09672,1.09696,1.09631,1.09662,2679.0
2023-07-10 00:00:00,1.09559,1.09694,1.09559,1.09662,1055.0
2023-07-10 04:00:00,1.09659,1.09694,1.09563,1.09603,7217.0
2023-07-10 08:00:00,1.09604,1.09621,1.0945,1.09504,7905.0
2023-07-10 12:00:00,1.09505,1.0973,1.09483,1.09593,10514.0
2023-07-10 16:00:00,1.09593,1.09803,1.09434,1.09746,15961.0
2023-07-10 20:00:00,1.09747,1.09993,1.09747,1.09989,9895.0
2023-07-11 00:00:00,1.09988,1.10027,1.0993,1.10012,3352.0
2023-07-11 04:00:00,1.10015,1.10201,1.10013,1.10187,6782.0
2023-07-11 08:00:00,1.10187,1.10269,1.10058,1.10213,9879.0
2023-07-11 12:00:00,1.10212,1.10228,1.09971,1.10059,12964.0
2023-07-11 16:00:00,1.10059,1.10064,1.0977,1.099,15038.0
2023-07-11 20:00:00,1.09898,1.10092,1.09862,1.09991,7917.0
2023-07-12 00:00:00,1.09994,1.10121,1.0999,1.1012,2823.0
2023-07-12 04:00:00,1.10122,1.10336,1.10112,1.10311,8569.0
2023-07-12 08:00:00,1.10312,1.10369,1.10204,1.10227,8301.0
2023-07-12 12:00:00,1.10226,1.10305,1.10182,1.10221,10326.0
2023-07-12 16:00:00,1.1022,1.11233,1.10136,1.11203,26150.0
2023-07-12 20:00:00,1.11203,1.11399,1.11105,1.11383,13665.0
2023-07-13 00:00:00,1.11379,1.11404,1.1127,1.11354,4108.0
2023-07-13 04:00:00,1.11353,1.11475,1.11341,1.11461,7306.0
2023-07-13 08:00:00,1.1146,1.115,1.11296,1.11482,9532.0
2023-07-13 12:00:00,1.11482,1.11745,1.11361,1.11714,13991.0
2023-07-13 16:00:00,1.11715,1.11959,1.11615,1.11959,20543.0
2023-07-13 20:00:00,1.11958,1.12226,1.11857,1.12223,10614.0
2023-07-14 00:00:00,1.12223,1.12297,1.12188,1.12244,4531.0
2023-07-14 04:00:00,1.12245,1.12386,1.12133,1.12352,9559.0
2023-07-14 08:00:00,1.12352,1.12429,1.12053,1.12101,9619.0
2023-07-14 12:00:00,1.12102,1.12448,1.1204,1.12202,12538.0
2023-07-14 16:00:00,1.12203,1.12444,1.12101,1.12418,21148.0
2023-07-14 20:00:00,1.12417,1.12442,1.12262,1.1234,10131.0
2023-07-15 00:00:00,1.1234,1.1234,1.12243,1.12285,2759.0
2023-07-17 00:00:00,1.12224,1.12314,1.12219,1.12255,1022.0
2023-07-17 04:00:00,1.12257,1.12296,1.12144,1.12263,6682.0
2023-07-17 08:00:00,1.12265,1.12401,1.12221,1.12333,6763.0
2023-07-17 12:00:00,1.12336,1.12489,1.12295,1.12314,10804.0
2023-07-17 16:00:00,1.12313,1.12376,1.12032,1.12317,15476.0
2023-07-17 20:00:00,1.12319,1.12443,1.12254,1.12431,6519.0
2023-07-18 00:00:00,1.12431,1.12461,1.12333,1.12395,3435.0
2023-07-18 04:00:00,1.12396,1.12559,1.12344,1.12478,8415.0
2023-07-18 08:00:00,1.12477,1.12639,1.12403,1.12561,7418.0
2023-07-18 12:00:00,1.12561,1.12757,1.12279,1.12573,15050.0
2023-07-18 16:00:00,1.12571,1.12699,1.12166,1.12367,25762.0
2023-07-18 20:00:00,1.12369,1.12454,1.12088,1.12289,9651.0
2023-07-19 00:00:00,1.12288,1.12326,1.12242,1.12314,4381.0
2023-07-19 04:00:00,1.12315,1.12328,1.12161,1.12216,8530.0
2023-07-19 08:00:00,1.12216,1.12356,1.11957,1.12128,11169.0
2023-07-19 12:00:00,1.12129,1.124,1.12125,1.1216,14930.0
2023-07-19 16:00:00,1.12159,1.12245,1.11741,1.11906,17859.0
2023-07-19 20:00:00,1.11906,1.12022,1.11801,1.12018,10935.0
2023-07-20 00:00:00,1.12017,1.1205,1.11946,1.12036,3771.0
2023-07-20 04:00:00,1.12035,1.12291,1.12022,1.12249,8821.0
2023-07-20 08:00:00,1.12251,1.12272,1.12056,1.12107,8645.0
2023-07-20 12:00:00,1.12107,1.12208,1.1198,1.1204,12409.0
2023-07-20 16:00:00,1.12041,1.12126,1.11405,1.11469,20313.0
2023-07-20 20:00:00,1.1147,1.11524,1.11183,1.11262,10350.0
2023-07-21 00:00:00,1.11262,1.11367,1.11262,1.1135,3713.0
2023-07-21 04:00:00,1.11352,1.11418,1.11297,1.11395,7992.0
2023-07-21 08:00:00,1.11395,1.1145,1.11337,1.11428,6998.0
2023-07-21 12:00:00,1.11428,1.11447,1.112,1.11255,15203.0
2023-07-21 16:00:00,1.11254,1.1138,1.11077,1.11132,15664.0
2023-07-21 20:00:00,1.11131,1.11303,1.11121,1.11248,8821.0
2023-07-22 00:00:00,1.11249,1.11292,1.1119,1.11254,2062.0
2023-07-24 00:00:00,1.11213,1.11309,1.11213,1.11287,1226.0
2023-07-24 04:00:00,1.11285,1.11328,1.11194,1.11263,7568.0
2023-07-24 08:00:00,1.11262,1.11411,1.11168,1.11357,7636.0
2023-07-24 12:00:00,1.11358,1.11469,1.10658,1.10913,18647.0
2023-07-24 16:00:00,1.10915,1.1109,1.1069,1.10791,17624.0
2023-07-24 20:00:00,1.10792,1.10844,1.10671,1.10706,9422.0
2023-07-25 00:00:00,1.10707,1.10721,1.10603,1.10625,3796.0
2023-07-25 04:00:00,1.10627,1.10815,1.10597,1.10806,7902.0
2023-07-25 08:00:00,1.10807,1.10868,1.10688,1.10798,7598.0
2023-07-25 12:00:00,1.10797,1.10846,1.10408,1.1045,12697.0
2023-07-25 16:00:00,1.10449,1.10533,1.10207,1.10444,13148.0
2023-07-25 20:00:00,1.10445,1.10547,1.10353,1.10451,7919.0
2023-07-26 00:00:00,1.1045,1.10571,1.10432,1.10512,4224.0
2023-07-26 04:00:00,1.10512,1.10531,1.10377,1.10457,7934.0
2023-07-26 08:00:00,1.10456,1.1071,1.10448,1.10634,7408.0
2023-07-26 12:00:00,1.10632,1.10862,1.1057,1.1082,11901.0
2023-07-26 16:00:00,1.10819,1.10838,1.10573,1.10635,15542.0
2023-07-26 20:00:00,1.10635,1.1105,1.10565,1.11038,19582.0
2023-07-27 00:00:00,1.1104,1.11066,1.10782,1.10848,9937.0
2023-07-27 04:00:00,1.10848,1.1118,1.10773,1.10991,8102.0
2023-07-27 08:00:00,1.1099,1.11078,1.10879,1.11001,8472.0
2023-07-27 12:00:00,1.10999,1.11496,1.10983,1.11372,14198.0
2023-07-27 16:00:00,1.11372,1.11411,1.09839,1.09919,33259.0
2023-07-27 20:00:00,1.09918,1.10105,1.09716,1.09732,19981.0
2023-07-28 00:00:00,1.09732,1.09835,1.09658,1.09829,5299.0
2023-07-28 04:00:00,1.09831,1.09859,1.09736,1.09829,8959.0
2023-07-28 08:00:00,1.09829,1.09913,1.09484,1.0971,23627.0
2023-07-28 12:00:00,1.0979,1.09966,1.09435,1.09936,17748.0
2023-07-28 16:00:00,1.09935,1.10474,1.09918,1.10356,25381.0
2023-07-28 20:00:00,1.10358,1.10429,1.1015,1.10232,11627.0
2023-07-29 00:00:00,1.10231,1.10266,1.10146,1.10164,3192.0
2023-07-31 00:00:00,1.1017,1.10278,1.10143,1.10269,1369.0
2023-07-31 04:00:00,1.10269,1.10283,1.1009,1.10153,9261.0
2023-07-31 08:00:00,1.10151,1.1018,1.10052,1.10109,8707.0
2023-07-31 12:00:00,1.10109,1.10402,1.10109,1.10366,14030.0
2023-07-31 16:00:00,1.10365,1.10458,1.10143,1.10251,17344.0
2023-07-31 20:00:00,1.10249,1.10296,1.09975,1.09985,9873.0
2023-08-01 00:00:00,1.09985,1.10029,1.09926,1.10009,4393.0
2023-08-01 04:00:00,1.10012,1.10017,1.09803,1.09851,6234.0
2023-08-01 08:00:00,1.09854,1.10002,1.09818,1.09945,8399.0
2023-08-01 12:00:00,1.09945,1.09947,1.09658,1.0982,13872.0
2023-08-01 16:00:00,1.09821,1.09888,1.09522,1.09781,19894.0
2023-08-01 20:00:00,1.09785,1.09848,1.09607,1.09737,8700.0
2023-08-02 00:00:00,1.09735,1.10196,1.09734,1.10092,6437.0
2023-08-02 04:00:00,1.10092,1.10166,1.09802,1.09843,9862.0
2023-08-02 08:00:00,1.09842,1.10005,1.09801,1.09896,10598.0
2023-08-02 12:00:00,1.09897,1.0997,1.09681,1.09787,15730.0
2023-08-02 16:00:00,1.09788,1.09872,1.09178,1.09272,22280.0
2023-08-02 20:00:00,1.09268,1.09576,1.09231,1.09429,11146.0
2023-08-03 00:00:00,1.09428,1.09457,1.09346,1.09444,5257.0
2023-08-03 04:00:00,1.09445,1.09491,1.09343,1.0935,7140.0
2023-08-03 08:00:00,1.0935,1.09432,1.09191,1.09216,10836.0
2023-08-03 12:00:00,1.09217,1.09383,1.09121,1.0934,16878.0
2023-08-03 16:00:00,1.0934,1.09561,1.09154,1.09318,26772.0
2023-08-03 20:00:00,1.09322,1.09628,1.09298,1.0943,10813.0
2023-08-04 00:00:00,1.0943,1.09521,1.09383,1.09518,5621.0
2023-08-04 04:00:00,1.0952,1.09614,1.09463,1.09555,7915.0
2023-08-04 08:00:00,1.09553,1.09602,1.0946,1.09481,8489.0
2023-08-04 12:00:00,1.0948,1.09543,1.09351,1.09441,11121.0
2023-08-04 16:00:00,1.09443,1.10299,1.09343,1.10233,28064.0
2023-08-04 20:00:00,1.10231,1.10419,1.10084,1.1009,11751.0
2023-08-05 00:00:00,1.1009,1.10111,1.10036,1.10111,3047.0
2023-08-07 00:00:00,1.1012,1.10163,1.10026,1.10053,2036.0
2023-08-07 04:00:00,1.10052,1.10118,1.09952,1.10002,6541.0
2023-08-07 08:00:00,1.10003,1.10021,1.09707,1.09801,7693.0
2023-08-07 12:00:00,1.09802,1.09949,1.09653,1.09729,10247.0
2023-08-07 16:00:00,1.0973,1.10116,1.09715,1.10017,13253.0
2023-08-07 20:00:00,1.1001,1.101,1.0992,1.10067,7869.0
2023-08-08 00:00:00,1.10068,1.10079,1.0999,1.10019,2614.0
2023-08-08 04:00:00,1.10018,1.10053,1.09767,1.09884,7937.0
2023-08-08 08:00:00,1.09884,1.1011,1.09799,1.09974,8169.0
2023-08-08 12:00:00,1.09974,1.09982,1.09518,1.09536,13597.0
2023-08-08 16:00:00,1.09537,1.0957,1.09289,1.09456,17315.0
2023-08-08 20:00:00,1.09457,1.0961,1.09414,1.09593,9257.0
2023-08-09 00:00:00,1.09593,1.09619,1.09503,1.09519,3459.0
2023-08-09 04:00:00,1.09517,1.09697,1.09517,1.09682,6544.0
2023-08-09 08:00:00,1.09683,1.09797,1.09632,1.09729,7205.0
2023-08-09 12:00:00,1.09728,1.09887,1.09708,1.09762,11473.0
2023-08-09 16:00:00,1.09761,1.09953,1.09621,1.09828,15498.0
2023-08-09 20:00:00,1.09827,1.09916,1.09732,1.09752,10190.0
2023-08-10 00:00:00,1.09752,1.09819,1.09698,1.09771,3485.0
2023-08-10 04:00:00,1.0977,1.09808,1.09672,1.09789,5889.0
2023-08-10 08:00:00,1.09789,1.09988,1.09777,1.09943,6592.0
2023-08-10 12:00:00,1.09942,1.10278,1.0993,1.10278,11867.0
2023-08-10 16:00:00,1.1028,1.10647,1.10076,1.10187,26455.0
2023-08-10 20:00:00,1.10188,1.1022,1.0976,1.09906,15736.0
2023-08-11 00:00:00,1.09906,1.09912,1.09776,1.09829,5360.0
2023-08-11 04:00:00,1.0983,1.09977,1.09798,1.09887,5078.0
2023-08-11 08:00:00,1.09885,1.10021,1.09838,1.09911,7582.0
2023-08-11 12:00:00,1.0991,1.10031,1.09762,1.09931,11316.0
2023-08-11 16:00:00,1.09931,1.10049,1.09549,1.09721,22572.0
2023-08-11 20:00:00,1.09721,1.09757,1.09428,1.09506,8799.0
2023-08-12 00:00:00,1.09506,1.0951,1.0943,1.09477,2330.0
2023-08-14 00:00:00,1.09493,1.09522,1.09399,1.09421,1583.0
2023-08-14 04:00:00,1.09425,1.09467,1.093,1.09306,7683.0
2023-08-14 08:00:00,1.09305,1.09405,1.09261,1.0932,8195.0
2023-08-14 12:00:00,1.0932,1.09601,1.09295,1.09452,12805.0
2023-08-14 16:00:00,1.09448,1.09457,1.08746,1.09032,20250.0
2023-08-14 20:00:00,1.09031,1.09358,1.09022,1.09045,10645.0
2023-08-15 00:00:00,1.09046,1.09129,1.09024,1.09074,4494.0
2023-08-15 04:00:00,1.0907,1.09173,1.09003,1.09096,8497.0
2023-08-15 08:00:00,1.09095,1.09262,1.09062,1.09233,8700.0
2023-08-15 12:00:00,1.09234,1.09448,1.09154,1.09348,16178.0
2023-08-15 16:00:00,1.09347,1.09523,1.08968,1.0941,26292.0
2023-08-15 20:00:00,1.0941,1.09445,1.09034,1.09042,11406.0
2023-08-16 00:00:00,1.09042,1.09065,1.0899,1.09029,4429.0
2023-08-16 04:00:00,1.0903,1.09117,1.08988,1.09045,7675.0
2023-08-16 08:00:00,1.09046,1.09271,1.09039,1.09193,9099.0
2023-08-16 12:00:00,1.09192,1.09345,1.09159,1.09181,12751.0
2023-08-16 16:00:00,1.09182,1.09233,1.08957,1.09066,19847.0
2023-08-16 20:00:00,1.09066,1.09125,1.08773,1.08806,15859.0
2023-08-17 00:00:00,1.08807,1.0883,1.08714,1.08791,6243.0
2023-08-17 04:00:00,1.08792,1.08796,1.08616,1.0866,10217.0
2023-08-17 08:00:00,1.08661,1.08866,1.08626,1.08833,10253.0
2023-08-17 12:00:00,1.08831,1.08876,1.08637,1.08835,14805.0
2023-08-17 16:00:00,1.08836,1.09179,1.08811,1.08894,21926.0
2023-08-17 20:00:00,1.08895,1.08903,1.08562,1.08568,12123.0
2023-08-18 00:00:00,1.08568,1.08744,1.08568,1.08736,5536.0
2023-08-18 04:00:00,1.08735,1.08939,1.08717,1.08885,7850.0
2023-08-18 08:00:00,1.08884,1.08889,1.08708,1.08717,9184.0
2023-08-18 12:00:00,1.08716,1.08782,1.08621,1.0863,12673.0
2023-08-18 16:00:00,1.08631,1.08814,1.08449,1.0872,18547.0
2023-08-18 20:00:00,1.08721,1.08812,1.08679,1.08779,10773.0
2023-08-19 00:00:00,1.0878,1.08787,1.08683,1.0872,2946.0
2023-08-21 00:00:00,1.0872,1.08787,1.08668,1.08739,1241.0
2023-08-21 04:00:00,1.08743,1.08842,1.08695,1.08813,7433.0
2023-08-21 08:00:00,1.08814,1.08871,1.08726,1.08774,7296.0
2023-08-21 12:00:00,1.08774,1.09048,1.08723,1.08988,13957.0
2023-08-21 16:00:00,1.08987,1.09135,1.08751,1.08873,18423.0
2023-08-21 20:00:00,1.08873,1.09042,1.08817,1.08983,10400.0
2023-08-22 00:00:00,1.08983,1.09017,1.08908,1.08959,3397.0
2023-08-22 04:00:00,1.08959,1.09127,1.08931,1.09076,6346.0
2023-08-22 08:00:00,1.09076,1.09207,1.09046,1.09179,8368.0
2023-08-22 12:00:00,1.09177,1.09303,1.08854,1.08867,11696.0
2023-08-22 16:00:00,1.08867,1.08906,1.08328,1.08511,18123.0
2023-08-22 20:00:00,1.08509,1.08557,1.08444,1.08522,9133.0
2023-08-23 00:00:00,1.08521,1.08524,1.08411,1.08458,3124.0
2023-08-23 04:00:00,1.08459,1.08576,1.08444,1.08544,5608.0
2023-08-23 08:00:00,1.08544,1.08645,1.08518,1.08613,6591.0
2023-08-23 12:00:00,1.08612,1.08713,1.08051,1.08076,18433.0
2023-08-23 16:00:00,1.08071,1.08539,1.08025,1.08455,21716.0
2023-08-23 20:00:00,1.08455,1.087,1.08446,1.08587,11051.0
2023-08-24 00:00:00,1.08586,1.08671,1.08584,1.08645,4591.0
2023-08-24 04:00:00,1.08647,1.08753,1.08583,1.08649,6684.0
2023-08-24 08:00:00,1.0865,1.08767,1.08563,1.08567,8462.0
2023-08-24 12:00:00,1.08568,1.08644,1.08464,1.08547,12274.0
2023-08-24 16:00:00,1.08547,1.08585,1.08141,1.08394,20289.0
2023-08-24 20:00:00,1.08393,1.08406,1.08087,1.08091,10732.0
2023-08-25 00:00:00,1.08091,1.08153,1.08049,1.08071,4215.0
2023-08-25 04:00:00,1.08072,1.08073,1.07827,1.07859,6741.0
2023-08-25 08:00:00,1.0786,1.07913,1.07767,1.07809,7434.0
2023-08-25 12:00:00,1.07808,1.08034,1.0766,1.08028,10803.0
2023-08-25 16:00:00,1.08029,1.08416,1.07656,1.07715,23571.0
2023-08-25 20:00:00,1.07715,1.08125,1.0768,1.08073,16352.0
2023-08-26 00:00:00,1.08071,1.08108,1.07913,1.07937,2917.0
2023-08-28 00:00:00,1.07956,1.08008,1.0794,1.07945,658.0
2023-08-28 04:00:00,1.07951,1.081,1.07933,1.08087,6969.0
2023-08-28 08:00:00,1.08087,1.08192,1.08051,1.0816,5898.0
2023-08-28 12:00:00,1.0816,1.0822,1.07994,1.08117,9712.0
2023-08-28 16:00:00,1.08115,1.08141,1.07988,1.08056,14363.0
2023-08-28 20:00:00,1.08055,1.08124,1.08027,1.08115,8594.0
2023-08-29 00:00:00,1.08115,1.08272,1.08088,1.08257,3745.0
2023-08-29 04:00:00,1.08256,1.08369,1.08211,1.08354,5555.0
2023-08-29 08:00:00,1.08354,1.08383,1.08083,1.08087,5360.0
2023-08-29 12:00:00,1.08087,1.08297,1.08041,1.08066,11819.0
2023-08-29 16:00:00,1.08065,1.08503,1.07823,1.08279,22650.0
2023-08-29 20:00:00,1.08279,1.08767,1.0826,1.08717,13094.0
2023-08-30 00:00:00,1.08717,1.08918,1.08693,1.08844,4612.0
2023-08-30 04:00:00,1.08847,1.08849,1.08635,1.08672,7120.0
2023-08-30 08:00:00,1.08673,1.08766,1.08556,1.0869,8171.0
2023-08-30 12:00:00,1.08689,1.08935,1.0855,1.08904,13243.0
2023-08-30 16:00:00,1.08904,1.09454,1.08744,1.09288,23931.0
2023-08-30 20:00:00,1.09287,1.09345,1.09168,1.09234,10431.0
2023-08-31 00:00:00,1.09235,1.09291,1.09184,1.09264,4133.0
2023-08-31 04:00:00,1.09265,1.09393,1.09207,1.09217,5710.0
2023-08-31 08:00:00,1.09216,1.09243,1.09065,1.09071,6838.0
2023-08-31 12:00:00,1.09072,1.09087,1.08627,1.08732,15117.0
2023-08-31 16:00:00,1.08732,1.08848,1.084,1.08547,23258.0
2023-08-31 20:00:00,1.08546,1.08589,1.08351,1.08457,10678.0
2023-09-01 00:00:00,1.08456,1.08505,1.08399,1.08418,3835.0
2023-09-01 04:00:00,1.08417,1.0854,1.08361,1.08439,6874.0
2023-09-01 08:00:00,1.08438,1.08496,1.08283,1.08491,6547.0
2023-09-01 12:00:00,1.08493,1.08596,1.08436,1.08457,11552.0
2023-09-01 16:00:00,1.08458,1.08816,1.08041,1.08083,31200.0
2023-09-01 20:00:00,1.08082,1.08082,1.07752,1.07788,10058.0
2023-09-02 00:00:00,1.07785,1.07804,1.07722,1.07731,1889.0
2023-09-04 00:00:00,1.07742,1.07785,1.07715,1.07732,870.0
2023-09-04 04:00:00,1.07731,1.07872,1.07715,1.07857,5292.0
2023-09-04 08:00:00,1.07857,1.07942,1.07812,1.079,5071.0
2023-09-04 12:00:00,1.07902,1.08068,1.07886,1.08048,9005.0
2023-09-04 16:00:00,1.08049,1.08088,1.07833,1.07843,7020.0
2023-09-04 20:00:00,1.07842,1.08,1.07835,1.07953,2664.0
2023-09-05 00:00:00,1.07951,1.07978,1.07883,1.07946,1086.0
2023-09-05 04:00:00,1.07947,1.07983,1.07834,1.07872,4946.0
2023-09-05 08:00:00,1.07871,1.07939,1.07576,1.07665,7580.0
2023-09-05 12:00:00,1.07667,1.07717,1.07383,1.07393,13435.0
2023-09-05 16:00:00,1.07394,1.07486,1.07072,1.07083,22139.0
2023-09-05 20:00:00,1.07081,1.07323,1.07061,1.07215,9297.0
2023-09-06 00:00:00,1.07216,1.07273,1.0719,1.0726,2669.0
2023-09-06 04:00:00,1.07261,1.0734,1.0713,1.07339,6794.0
2023-09-06 08:00:00,1.07338,1.07393,1.07275,1.07314,7662.0
2023-09-06 12:00:00,1.07314,1.07479,1.07235,1.07385,13514.0
2023-09-06 16:00:00,1.07386,1.07487,1.07023,1.07089,21188.0
2023-09-06 20:00:00,1.07088,1.07294,1.0705,1.07258,9570.0
2023-09-07 00:00:00,1.07259,1.07281,1.07219,1.07251,3006.0
2023-09-07 04:00:00,1.07251,1.07308,1.0719,1.07278,5354.0
2023-09-07 08:00:00,1.07278,1.07317,1.07145,1.07166,6538.0
2023-09-07 12:00:00,1.07167,1.07197,1.07038,1.07062,12152.0
2023-09-07 16:00:00,1.07062,1.07135,1.0686,1.07031,18281.0
2023-09-07 20:00:00,1.07032,1.07096,1.0694,1.0694,8291.0
2023-09-08 00:00:00,1.06941,1.07014,1.06937,1.06957,2957.0
2023-09-08 04:00:00,1.06958,1.07232,1.0694,1.07177,7321.0
2023-09-08 08:00:00,1.07178,1.07279,1.07125,1.07153,5581.0
2023-09-08 12:00:00,1.07155,1.0719,1.06965,1.07004,13189.0
2023-09-08 16:00:00,1.07005,1.07436,1.0694,1.07152,16096.0
2023-09-08 20:00:00,1.07153,1.07173,1.0697,1.06978,9512.0
2023-09-09 00:00:00,1.0698,1.0703,1.06971,1.07002,2272.0
2023-09-11 00:00:00,1.07137,1.07187,1.07068,1.07114,1924.0
2023-09-11 04:00:00,1.07114,1.0728,1.07082,1.0724,8727.0
2023-09-11 08:00:00,1.07241,1.07412,1.07193,1.07331,8805.0
2023-09-11 12:00:00,1.07328,1.07374,1.07222,1.07321,11394.0
2023-09-11 16:00:00,1.0732,1.07592,1.07156,1.07456,15276.0
2023-09-11 20:00:00,1.07453,1.07579,1.07409,1.07452,7822.0
2023-09-12 00:00:00,1.07453,1.07528,1.07444,1.07499,3051.0
2023-09-12 04:00:00,1.07498,1.07688,1.07376,1.07508,6245.0
2023-09-12 08:00:00,1.07509,1.07511,1.07303,1.07323,6676.0
2023-09-12 12:00:00,1.07325,1.07348,1.0712,1.07161,11120.0
2023-09-12 16:00:00,1.07161,1.07209,1.07055,1.07138,13773.0
2023-09-12 20:00:00,1.07138,1.07374,1.07136,1.07321,7956.0
2023-09-13 00:00:00,1.07322,1.07648,1.07274,1.07559,4054.0
2023-09-13 04:00:00,1.0756,1.07648,1.07451,1.07465,6440.0
2023-09-13 08:00:00,1.07467,1.07545,1.07349,1.07382,7573.0
2023-09-13 12:00:00,1.07383,1.07488,1.07286,1.07376,12851.0
2023-09-13 16:00:00,1.07377,1.07616,1.0711,1.07379,25868.0
2023-09-13 20:00:00,1.07382,1.07491,1.07312,1.07319,9738.0
2023-09-14 00:00:00,1.0732,1.07342,1.07277,1.07329,2940.0
2023-09-14 04:00:00,1.0733,1.07431,1.073,1.07404,6079.0
2023-09-14 08:00:00,1.07406,1.07521,1.07406,1.07427,5830.0
2023-09-14 12:00:00,1.07428,1.07432,1.07245,1.07351,10755.0
2023-09-14 16:00:00,1.07348,1.07469,1.06539,1.0664,32352.0
2023-09-14 20:00:00,1.06639,1.06754,1.06317,1.06345,11029.0
2023-09-15 00:00:00,1.06347,1.06468,1.06344,1.06424,4070.0
2023-09-15 04:00:00,1.06423,1.06483,1.06331,1.06429,7149.0
2023-09-15 08:00:00,1.06433,1.06674,1.06415,1.06606,7210.0
2023-09-15 12:00:00,1.06607,1.06692,1.06496,1.06561,10102.0
2023-09-15 16:00:00,1.0656,1.06877,1.0645,1.06642,18733.0
2023-09-15 20:00:00,1.06642,1.06802,1.06606,1.06607,9913.0
2023-09-16 00:00:00,1.0661,1.06635,1.0657,1.06626,3288.0
2023-09-18 00:00:00,1.06598,1.0669,1.06576,1.0664,804.0
2023-09-18 04:00:00,1.06641,1.06738,1.06609,1.06652,5470.0
2023-09-18 08:00:00,1.06652,1.06777,1.06584,1.06584,5232.0
2023-09-18 12:00:00,1.06585,1.06747,1.06562,1.06678,9251.0
2023-09-18 16:00:00,1.06682,1.06755,1.06547,1.06751,13013.0
2023-09-18 20:00:00,1.0675,1.06987,1.06741,1.06782,7629.0
2023-09-19 00:00:00,1.06782,1.06935,1.06781,1.06912,2613.0
2023-09-19 04:00:00,1.06914,1.06966,1.06809,1.06844,4314.0
2023-09-19 08:00:00,1.06844,1.06856,1.06761,1.06786,4949.0
2023-09-19 12:00:00,1.06785,1.07096,1.06751,1.07004,9725.0
2023-09-19 16:00:00,1.07003,1.0718,1.06823,1.06897,15470.0
2023-09-19 20:00:00,1.06896,1.06927,1.0677,1.06775,8004.0
2023-09-20 00:00:00,1.06774,1.06827,1.06761,1.06822,3115.0
2023-09-20 04:00:00,1.06822,1.06897,1.06792,1.0683,4547.0
2023-09-20 08:00:00,1.06829,1.0693,1.06729,1.06818,6688.0
2023-09-20 12:00:00,1.06818,1.07051,1.06752,1.07032,10094.0
2023-09-20 16:00:00,1.07031,1.07272,1.06921,1.07196,11727.0
2023-09-20 20:00:00,1.07197,1.07367,1.06738,1.06866,19680.0
2023-09-21 00:00:00,1.06866,1.06889,1.065,1.06551,8411.0
2023-09-21 04:00:00,1.0655,1.06551,1.06166,1.06271,8046.0
2023-09-21 08:00:00,1.06271,1.06546,1.06269,1.06503,6167.0
2023-09-21 12:00:00,1.06501,1.06645,1.06385,1.06503,14008.0
2023-09-21 16:00:00,1.065,1.06735,1.06241,1.06598,21811.0
2023-09-21 20:00:00,1.06596,1.06708,1.06544,1.06616,10355.0
2023-09-22 00:00:00,1.06616,1.06669,1.06564,1.06614,3853.0
2023-09-22 04:00:00,1.06616,1.06625,1.06408,1.06479,6565.0
2023-09-22 08:00:00,1.06479,1.06598,1.06472,1.06595,7462.0
2023-09-22 12:00:00,1.06589,1.06677,1.06148,1.06354,15639.0
2023-09-22 16:00:00,1.06355,1.06717,1.06355,1.06582,15186.0
2023-09-22 20:00:00,1.0658,1.06652,1.06392,1.06467,7882.0
2023-09-23 00:00:00,1.06467,1.06511,1.06415,1.0644,3066.0
2023-09-25 00:00:00,1.06502,1.06519,1.06398,1.06489,1265.0
2023-09-25 04:00:00,1.06489,1.06555,1.0643,1.06491,5104.0
2023-09-25 08:00:00,1.0649,1.0653,1.0642,1.0646,5340.0
2023-09-25 12:00:00,1.0646,1.06529,1.0624,1.06373,12009.0
2023-09-25 16:00:00,1.06374,1.06435,1.05754,1.05774,15315.0
2023-09-25 20:00:00,1.05775,1.05987,1.0576,1.0587,8626.0
2023-09-26 00:00:00,1.0587,1.05966,1.05855,1.05937,3596.0
2023-09-26 04:00:00,1.05937,1.05953,1.05798,1.05801,5156.0
2023-09-26 08:00:00,1.058,1.05929,1.05711,1.05715,6041.0
2023-09-26 12:00:00,1.05715,1.06028,1.05699,1.05959,11097.0
2023-09-26 16:00:00,1.05959,1.0609,1.05781,1.05838,15986.0
2023-09-26 20:00:00,1.05836,1.05844,1.0562,1.05661,9491.0
2023-09-27 00:00:00,1.05663,1.05754,1.05644,1.05713,3321.0
2023-09-27 04:00:00,1.05715,1.05733,1.05558,1.05644,6562.0
2023-09-27 08:00:00,1.05644,1.05707,1.05547,1.05692,6588.0
2023-09-27 12:00:00,1.05692,1.05741,1.05525,1.05543,10285.0
2023-09-27 16:00:00,1.05542,1.05546,1.05084,1.05088,18056.0
2023-09-27 20:00:00,1.05089,1.05239,1.0488,1.05068,15666.0
2023-09-28 00:00:00,1.05067,1.05186,1.04983,1.05034,5483.0
2023-09-28 04:00:00,1.05034,1.05162,1.04985,1.04994,6654.0
2023-09-28 08:00:00,1.04994,1.05094,1.04909,1.04948,7382.0
2023-09-28 12:00:00,1.04951,1.05418,1.0494,1.05398,15598.0
2023-09-28 16:00:00,1.05397,1.05677,1.05176,1.0563,24682.0
2023-09-28 20:00:00,1.05626,1.05788,1.05498,1.05548,14103.0
2023-09-29 00:00:00,1.05552,1.05676,1.05524,1.05649,4046.0
2023-09-29 04:00:00,1.0565,1.05827,1.0558,1.0579,4913.0
2023-09-29 08:00:00,1.05791,1.05919,1.05742,1.059,6276.0
2023-09-29 12:00:00,1.05897,1.06169,1.0588,1.0609,15135.0
2023-09-29 16:00:00,1.06092,1.0611,1.05698,1.05869,22749.0
2023-09-29 20:00:00,1.05867,1.05903,1.05638,1.05774,15766.0
2023-09-30 00:00:00,1.05775,1.05791,1.05693,1.0573,4339.0
2023-10-02 00:00:00,1.05659,1.05722,1.05576,1.0559,1631.0
2023-10-02 04:00:00,1.0559,1.05707,1.05577,1.0568,4429.0
2023-10-02 08:00:00,1.05679,1.05896,1.05601,1.05894,6174.0
2023-10-02 12:00:00,1.05894,1.05917,1.05336,1.05394,14259.0
2023-10-02 16:00:00,1.05394,1.05425,1.04922,1.04952,21329.0
2023-10-02 20:00:00,1.04952,1.05125,1.04882,1.04925,14157.0
2023-10-03 00:00:00,1.04925,1.0494,1.04763,1.04765,4784.0
2023-10-03 04:00:00,1.04767,1.04827,1.04637,1.04664,6375.0
2023-10-03 08:00:00,1.04664,1.04746,1.04598,1.04729,8044.0
2023-10-03 12:00:00,1.04729,1.04935,1.04689,1.04758,12341.0
2023-10-03 16:00:00,1.04759,1.04857,1.04495,1.04757,27858.0
2023-10-03 20:00:00,1.04753,1.04796,1.04482,1.04745,16904.0
2023-10-04 00:00:00,1.04747,1.04785,1.04637,1.04645,4497.0
2023-10-04 04:00:00,1.04646,1.04756,1.04598,1.04632,7300.0
2023-10-04 08:00:00,1.04632,1.04739,1.04541,1.04604,6980.0
2023-10-04 12:00:00,1.04603,1.05114,1.04513,1.05032,14345.0
2023-10-04 16:00:00,1.05036,1.05322,1.0483,1.04929,26207.0
2023-10-04 20:00:00,1.04927,1.05217,1.04902,1.05032,14167.0
2023-10-05 00:00:00,1.05034,1.05194,1.05016,1.05063,4765.0
2023-10-05 04:00:00,1.05064,1.05289,1.05021,1.05231,6564.0
2023-10-05 08:00:00,1.0523,1.05283,1.05048,1.05071,7222.0
2023-10-05 12:00:00,1.05068,1.0523,1.05014,1.05187,14087.0
2023-10-05 16:00:00,1.05186,1.0533,1.04999,1.05302,23471.0
2023-10-05 20:00:00,1.05302,1.05515,1.05202,1.05509,15164.0
2023-10-06 00:00:00,1.05509,1.05518,1.05447,1.05483,3346.0
2023-10-06 04:00:00,1.05482,1.05484,1.05381,1.05447,5432.0
2023-10-06 08:00:00,1.05448,1.05461,1.05313,1.05346,5488.0
2023-10-06 12:00:00,1.05347,1.05634,1.05341,1.05546,13043.0
2023-10-06 16:00:00,1.05546,1.05684,1.04824,1.05377,31236.0
2023-10-06 20:00:00,1.05376,1.05998,1.05359,1.05932,19118.0
2023-10-07 00:00:00,1.05933,1.05961,1.0582,1.05835,3214.0
2023-10-09 00:00:00,1.0553,1.05632,1.05475,1.0558,3197.0
2023-10-09 04:00:00,1.05581,1.05743,1.05568,1.05613,9109.0
2023-10-09 08:00:00,1.05614,1.05615,1.05315,1.05371,8889.0
2023-10-09 12:00:00,1.0537,1.05453,1.05194,1.0528,16664.0
2023-10-09 16:00:00,1.0528,1.05576,1.05224,1.05453,22447.0
2023-10-09 20:00:00,1.05453,1.05672,1.05345,1.05643,12420.0
2023-10-10 00:00:00,1.05643,1.05722,1.05641,1.05687,4596.0
2023-10-10 04:00:00,1.05686,1.05833,1.05664,1.05669,11069.0
2023-10-10 08:00:00,1.05668,1.05702,1.05547,1.05614,11022.0
2023-10-10 12:00:00,1.05612,1.06111,1.05543,1.05919,23808.0
2023-10-10 16:00:00,1.05921,1.06066,1.05718,1.05972,28259.0
2023-10-10 20:00:00,1.0597,1.06198,1.05924,1.05986,17325.0
2023-10-11 00:00:00,1.05987,1.06069,1.05937,1.06052,4689.0
2023-10-11 04:00:00,1.06052,1.06141,1.06012,1.06075,7628.0
2023-10-11 08:00:00,1.06076,1.06145,1.0599,1.06104,8027.0
2023-10-11 12:00:00,1.06102,1.06282,1.05932,1.06019,22697.0
2023-10-11 16:00:00,1.06018,1.06348,1.05797,1.06241,31937.0
2023-10-11 20:00:00,1.06241,1.06246,1.05848,1.06071,18073.0
2023-10-12 00:00:00,1.06071,1.06218,1.06069,1.06192,4598.0
2023-10-12 04:00:00,1.06191,1.06278,1.06189,1.06238,6439.0
2023-10-12 08:00:00,1.06237,1.06396,1.06206,1.06357,8166.0
2023-10-12 12:00:00,1.06355,1.06363,1.0616,1.06184,14062.0
2023-10-12 16:00:00,1.06187,1.06267,1.05444,1.05556,37049.0
2023-10-12 20:00:00,1.05557,1.05608,1.05256,1.05265,19219.0
2023-10-13 00:00:00,1.05267,1.0534,1.05264,1.05314,5149.0
2023-10-13 04:00:00,1.05315,1.05466,1.05307,1.05461,7154.0
2023-10-13 08:00:00,1.05462,1.05509,1.05334,1.05364,8829.0
2023-10-13 12:00:00,1.05366,1.05585,1.05155,1.05178,18408.0
2023-10-13 16:00:00,1.05177,1.05473,1.04994,1.05033,25365.0
2023-10-13 20:00:00,1.05033,1.05149,1.04953,1.0511,12346.0
2023-10-14 00:00:00,1.05114,1.05157,1.05055,1.05067,2857.0
2023-10-16 00:00:00,1.05101,1.05253,1.05062,1.05213,1724.0
2023-10-16 04:00:00,1.05213,1.05258,1.05155,1.05217,6275.0
2023-10-16 08:00:00,1.05218,1.05381,1.05199,1.05348,6437.0
2023-10-16 12:00:00,1.05347,1.05427,1.05235,1.05322,12339.0
2023-10-16 16:00:00,1.05319,1.05554,1.05256,1.05497,16239.0
2023-10-16 20:00:00,1.05498,1.05566,1.05394,1.05544,8484.0
2023-10-17 00:00:00,1.05541,1.05628,1.05525,1.05561,3527.0
2023-10-17 04:00:00,1.05561,1.05604,1.0546,1.055,5325.0
2023-10-17 08:00:00,1.05501,1.05541,1.0534,1.0537,6720.0
2023-10-17 12:00:00,1.05371,1.05624,1.05328,1.05531,12379.0
2023-10-17 16:00:00,1.05531,1.05868,1.05381,1.05753,24460.0
2023-10-17 20:00:00,1.05754,1.05948,1.05641,1.05689,12982.0
2023-10-18 00:00:00,1.05692,1.0581,1.05689,1.05758,4398.0
2023-10-18 04:00:00,1.05757,1.0579,1.05605,1.05754,7696.0
2023-10-18 08:00:00,1.05755,1.05942,1.05721,1.0579,8321.0
2023-10-18 12:00:00,1.05788,1.05867,1.05541,1.05557,14802.0
2023-10-18 16:00:00,1.0556,1.05743,1.05322,1.05375,22199.0
2023-10-18 20:00:00,1.05374,1.05538,1.05231,1.05358,17415.0
2023-10-19 00:00:00,1.0536,1.05396,1.05317,1.05371,4322.0
2023-10-19 04:00:00,1.05374,1.0542,1.05323,1.0535,6954.0
2023-10-19 08:00:00,1.05352,1.05421,1.05282,1.05402,7011.0
2023-10-19 12:00:00,1.05401,1.05523,1.05294,1.05511,15080.0
2023-10-19 16:00:00,1.05515,1.05815,1.05515,1.05688,21210.0
2023-10-19 20:00:00,1.05689,1.06166,1.05556,1.05806,30898.0
2023-10-20 00:00:00,1.05807,1.05902,1.05791,1.05809,6089.0
2023-10-20 04:00:00,1.0581,1.05866,1.05682,1.0578,8060.0
2023-10-20 08:00:00,1.05779,1.05799,1.05649,1.05742,7232.0
2023-10-20 12:00:00,1.05736,1.05952,1.05684,1.05853,14630.0
2023-10-20 16:00:00,1.05852,1.06006,1.0565,1.05876,21654.0
2023-10-20 20:00:00,1.05878,1.06035,1.05812,1.05924,14486.0
2023-10-21 00:00:00,1.05925,1.0595,1.05882,1.05949,3622.0
2023-10-23 00:00:00,1.05935,1.05963,1.05884,1.05913,1279.0
2023-10-23 04:00:00,1.05913,1.05934,1.05735,1.05736,5824.0
2023-10-23 08:00:00,1.05736,1.05864,1.05715,1.05823,5707.0
2023-10-23 12:00:00,1.05826,1.06149,1.05766,1.06043,14442.0
2023-10-23 16:00:00,1.06044,1.06319,1.05911,1.06287,20886.0
2023-10-23 20:00:00,1.06286,1.06777,1.06279,1.06743,14154.0
2023-10-24 00:00:00,1.06742,1.06748,1.06603,1.06678,4706.0
2023-10-24 04:00:00,1.06676,1.0687,1.06667,1.06816,7447.0
2023-10-24 08:00:00,1.06815,1.06865,1.06766,1.06851,6939.0
2023-10-24 12:00:00,1.06852,1.0694,1.06216,1.06252,16181.0
2023-10-24 16:00:00,1.06253,1.06415,1.05904,1.05997,21261.0
2023-10-24 20:00:00,1.05996,1.06021,1.05831,1.05884,14009.0
2023-10-25 00:00:00,1.05883,1.05943,1.05852,1.05934,4369.0
2023-10-25 04:00:00,1.05934,1.06044,1.05896,1.06036,6466.0
2023-10-25 08:00:00,1.06037,1.06066,1.05925,1.05925,5956.0
2023-10-25 12:00:00,1.05926,1.05969,1.05659,1.05743,12687.0
2023-10-25 16:00:00,1.05743,1.05914,1.05668,1.0585,18560.0
2023-10-25 20:00:00,1.0585,1.05956,1.05657,1.05664,16183.0
2023-10-26 00:00:00,1.05667,1.05701,1.05643,1.05652,4903.0
2023-10-26 04:00:00,1.05652,1.05691,1.05435,1.05453,6907.0
2023-10-26 08:00:00,1.05454,1.05492,1.05329,1.05386,8427.0
2023-10-26 12:00:00,1.05386,1.05526,1.05351,1.05372,11685.0
2023-10-26 16:00:00,1.05373,1.05602,1.05216,1.05428,25422.0
2023-10-26 20:00:00,1.05429,1.05646,1.0525,1.0561,16449.0
2023-10-27 00:00:00,1.05609,1.05653,1.05482,1.05643,5118.0
2023-10-27 04:00:00,1.05646,1.05666,1.05524,1.05646,6731.0
2023-10-27 08:00:00,1.05645,1.05699,1.05546,1.05561,6224.0
2023-10-27 12:00:00,1.05559,1.05672,1.05521,1.05558,9956.0
2023-10-27 16:00:00,1.05557,1.05946,1.05351,1.05782,21236.0
2023-10-27 20:00:00,1.05782,1.05971,1.05572,1.05676,13892.0
2023-10-28 00:00:00,1.05675,1.05708,1.05619,1.05652,3842.0
2023-10-30 00:00:00,1.05653,1.05712,1.05587,1.05618,2211.0
2023-10-30 04:00:00,1.05618,1.0566,1.0555,1.05604,6605.0
2023-10-30 08:00:00,1.05604,1.05675,1.05529,1.05566,6648.0
2023-10-30 12:00:00,1.05547,1.05961,1.05469,1.05853,12828.0
2023-10-30 16:00:00,1.05852,1.06251,1.0582,1.06191,20736.0
2023-10-30 20:00:00,1.0619,1.06217,1.06002,1.06169,9480.0
2023-10-31 00:00:00,1.0617,1.06175,1.06117,1.06137,2066.0
2023-10-31 04:00:00,1.06138,1.06143,1.05905,1.05942,8898.0
2023-10-31 08:00:00,1.05943,1.06257,1.05906,1.06212,8506.0
2023-10-31 12:00:00,1.06213,1.06748,1.06156,1.06557,15398.0
2023-10-31 16:00:00,1.06556,1.06609,1.05661,1.05668,24985.0
2023-10-31 20:00:00,1.05671,1.05858,1.05574,1.05804,12893.0
2023-11-01 00:00:00,1.05809,1.05834,1.05716,1.05778,3704.0
2023-11-01 04:00:00,1.05779,1.05806,1.05664,1.05705,6501.0
2023-11-01 08:00:00,1.05704,1.05775,1.05588,1.05646,7275.0
2023-11-01 12:00:00,1.05647,1.0568,1.05407,1.0543,10961.0
2023-11-01 16:00:00,1.05429,1.05707,1.05215,1.05372,26320.0
2023-11-01 20:00:00,1.05372,1.05705,1.05168,1.05671,24066.0
2023-11-02 00:00:00,1.05672,1.05867,1.05644,1.05866,4161.0
2023-11-02 04:00:00,1.05866,1.06022,1.05836,1.05999,8725.0
2023-11-02 08:00:00,1.06,1.061,1.05935,1.06033,7613.0
2023-11-02 12:00:00,1.06032,1.06388,1.0591,1.06337,15175.0
2023-11-02 16:00:00,1.06339,1.06677,1.06169,1.06173,25616.0
2023-11-02 20:00:00,1.06173,1.06326,1.06104,1.06232,12208.0
2023-11-03 00:00:00,1.06231,1.06234,1.06153,1.06155,3864.0
2023-11-03 04:00:00,1.0616,1.06287,1.06146,1.06254,5173.0
2023-11-03 08:00:00,1.06254,1.06337,1.06246,1.06292,5578.0
2023-11-03 12:00:00,1.06292,1.06526,1.06197,1.06467,11195.0
2023-11-03 16:00:00,1.06468,1.07354,1.06454,1.07321,32481.0
2023-11-03 20:00:00,1.07321,1.07466,1.07222,1.07247,13057.0
2023-11-04 00:00:00,1.0725,1.07326,1.07249,1.07273,1095.0
2023-11-06 00:00:00,1.07249,1.07334,1.07218,1.07242,3351.0
2023-11-06 04:00:00,1.07243,1.07376,1.07222,1.07356,5757.0
2023-11-06 08:00:00,1.07355,1.07562,1.07314,1.07499,9858.0
2023-11-06 12:00:00,1.07499,1.07561,1.07388,1.07437,11276.0
2023-11-06 16:00:00,1.07434,1.07492,1.0726,1.0746,16581.0
2023-11-06 20:00:00,1.0746,1.07461,1.07191,1.07197,9257.0
2023-11-07 00:00:00,1.07198,1.07222,1.07116,1.07137,3123.0
2023-11-07 04:00:00,1.07139,1.07139,1.0705,1.07065,6961.0
2023-11-07 08:00:00,1.07065,1.07115,1.06918,1.07036,9593.0
2023-11-07 12:00:00,1.07036,1.07038,1.06656,1.06786,13024.0
2023-11-07 16:00:00,1.06789,1.06928,1.06641,1.06858,18906.0
2023-11-07 20:00:00,1.06857,1.07048,1.06724,1.06947,11532.0
2023-11-08 00:00:00,1.06947,1.07009,1.06893,1.06901,3553.0
2023-11-08 04:00:00,1.06903,1.06993,1.06864,1.0692,6006.0
2023-11-08 08:00:00,1.0692,1.06928,1.06712,1.06725,9620.0
2023-11-08 12:00:00,1.06732,1.06779,1.06592,1.0668,11985.0
2023-11-08 16:00:00,1.06681,1.07159,1.06601,1.07144,19019.0
2023-11-08 20:00:00,1.07144,1.07146,1.07,1.07096,12250.0
2023-11-09 00:00:00,1.07094,1.07126,1.07022,1.07034,3660.0
2023-11-09 04:00:00,1.07033,1.07157,1.07029,1.07089,4938.0
2023-11-09 08:00:00,1.07089,1.07101,1.06936,1.07015,8829.0
2023-11-09 12:00:00,1.07014,1.07047,1.06803,1.06903,10420.0
2023-11-09 16:00:00,1.06903,1.07254,1.06864,1.07098,20519.0
2023-11-09 20:00:00,1.07097,1.07128,1.06601,1.06638,21533.0
2023-11-10 00:00:00,1.06639,1.06703,1.06626,1.06683,4066.0
2023-11-10 04:00:00,1.06682,1.06751,1.06667,1.06712,5496.0
2023-11-10 08:00:00,1.06713,1.06782,1.06561,1.06711,8853.0
2023-11-10 12:00:00,1.06712,1.06889,1.06643,1.06817,12250.0
2023-11-10 16:00:00,1.06817,1.06927,1.06624,1.06693,20074.0
2023-11-10 20:00:00,1.06691,1.06874,1.06641,1.06852,9792.0
2023-11-11 00:00:00,1.06852,1.06873,1.06824,1.06839,835.0
2023-11-13 00:00:00,1.0683,1.06906,1.06785,1.06838,3632.0
2023-11-13 04:00:00,1.06839,1.0689,1.06809,1.06842,5014.0
2023-11-13 08:00:00,1.0684,1.06973,1.06834,1.06913,8270.0
2023-11-13 12:00:00,1.06914,1.07013,1.06698,1.0673,9950.0
2023-11-13 16:00:00,1.06727,1.07037,1.0665,1.06992,17447.0
2023-11-13 20:00:00,1.06991,1.07061,1.06901,1.0699,7993.0
2023-11-14 00:00:00,1.06993,1.07024,1.06942,1.06998,2824.0
2023-11-14 04:00:00,1.06999,1.07022,1.06946,1.06963,4223.0
2023-11-14 08:00:00,1.06963,1.07099,1.06928,1.06981,7446.0
2023-11-14 12:00:00,1.0698,1.07306,1.06959,1.0721,10805.0
2023-11-14 16:00:00,1.0721,1.0864,1.07162,1.08603,30290.0
2023-11-14 20:00:00,1.08604,1.08874,1.08541,1.08825,11466.0
2023-11-15 00:00:00,1.08826,1.08826,1.08655,1.08694,3957.0
2023-11-15 04:00:00,1.08695,1.08838,1.08672,1.08777,6096.0
2023-11-15 08:00:00,1.08778,1.08794,1.08645,1.08703,10752.0
2023-11-15 12:00:00,1.08701,1.08703,1.08439,1.08636,11756.0
2023-11-15 16:00:00,1.08636,1.08856,1.08314,1.08522,24600.0
2023-11-15 20:00:00,1.08523,1.08564,1.0841,1.0843,10356.0
2023-11-16 00:00:00,1.0843,1.08555,1.08425,1.08552,3939.0
2023-11-16 04:00:00,1.08553,1.08557,1.08298,1.08372,6561.0
2023-11-16 08:00:00,1.08371,1.08551,1.08335,1.08548,9123.0
2023-11-16 12:00:00,1.08549,1.08609,1.08389,1.08425,10774.0
2023-11-16 16:00:00,1.08424,1.08955,1.08416,1.08499,23605.0
2023-11-16 20:00:00,1.08498,1.08657,1.08448,1.08461,9197.0
2023-11-17 00:00:00,1.08461,1.08558,1.08452,1.08531,4162.0
2023-11-17 04:00:00,1.08532,1.0857,1.08492,1.08504,5357.0
2023-11-17 08:00:00,1.08505,1.08564,1.08249,1.08481,10798.0
2023-11-17 12:00:00,1.08481,1.08746,1.08451,1.08632,14531.0
2023-11-17 16:00:00,1.08633,1.08932,1.08584,1.08784,22371.0
2023-11-17 20:00:00,1.08785,1.09092,1.0878,1.09084,8008.0
2023-11-18 00:00:00,1.09082,1.09137,1.09045,1.0913,891.0
2023-11-20 00:00:00,1.09088,1.09111,1.08974,1.09011,3241.0
2023-11-20 04:00:00,1.09011,1.09356,1.09011,1.0922,9671.0
2023-11-20 08:00:00,1.09219,1.09295,1.0913,1.09191,11429.0
2023-11-20 12:00:00,1.0919,1.09402,1.09184,1.09298,12262.0
2023-11-20 16:00:00,1.09299,1.09457,1.09187,1.09444,15802.0
2023-11-20 20:00:00,1.09442,1.09517,1.09352,1.09418,10401.0
2023-11-21 00:00:00,1.09419,1.0952,1.09354,1.09454,3569.0
2023-11-21 04:00:00,1.09453,1.09651,1.09429,1.09587,9099.0
2023-11-21 08:00:00,1.09589,1.09639,1.09436,1.0946,10633.0
2023-11-21 12:00:00,1.09457,1.09537,1.0939,1.09481,11108.0
2023-11-21 16:00:00,1.09482,1.09613,1.09222,1.09228,20802.0
2023-11-21 20:00:00,1.09237,1.09265,1.09,1.09119,11791.0
2023-11-22 00:00:00,1.09121,1.09195,1.09076,1.09195,3704.0
2023-11-22 04:00:00,1.09195,1.09227,1.09089,1.09137,6806.0
2023-11-22 08:00:00,1.09137,1.09198,1.08825,1.08854,11127.0
2023-11-22 12:00:00,1.08854,1.09122,1.08851,1.09065,12866.0
2023-11-22 16:00:00,1.09061,1.09177,1.08523,1.08704,24893.0
2023-11-22 20:00:00,1.08702,1.08882,1.08686,1.08874,9971.0
2023-11-23 00:00:00,1.08874,1.08925,1.08816,1.08921,2608.0
2023-11-23 04:00:00,1.0892,1.09058,1.08885,1.09025,4372.0
2023-11-23 08:00:00,1.09025,1.093,1.08953,1.09176,9699.0
2023-11-23 12:00:00,1.09176,1.09241,1.09002,1.09033,11319.0
2023-11-23 16:00:00,1.09033,1.09105,1.0887,1.09061,9122.0
2023-11-23 20:00:00,1.09062,1.09072,1.09025,1.09055,1514.0
2023-11-24 00:00:00,1.09054,1.09097,1.09002,1.09069,2509.0
2023-11-24 04:00:00,1.09071,1.09104,1.0895,1.09035,5610.0
2023-11-24 08:00:00,1.09034,1.09193,1.0903,1.09191,7872.0
2023-11-24 12:00:00,1.09188,1.09282,1.09014,1.09166,9998.0
2023-11-24 16:00:00,1.09167,1.09453,1.09068,1.09333,16040.0
2023-11-24 20:00:00,1.09333,1.09486,1.09282,1.09439,7681.0
2023-11-25 00:00:00,1.09438,1.09466,1.09344,1.09358,1736.0
2023-11-27 00:00:00,1.09445,1.09475,1.09283,1.09287,3157.0
2023-11-27 04:00:00,1.09288,1.09497,1.09266,1.09473,7362.0
2023-11-27 08:00:00,1.09474,1.09591,1.09391,1.0943,9456.0
2023-11-27 12:00:00,1.09429,1.09564,1.09409,1.09495,10108.0
2023-11-27 16:00:00,1.09496,1.09551,1.09251,1.09364,21104.0
2023-11-27 20:00:00,1.09363,1.09574,1.09293,1.09568,8659.0
2023-11-28 00:00:00,1.09568,1.09617,1.09472,1.09581,4081.0
2023-11-28 04:00:00,1.09582,1.09627,1.09521,1.09524,6371.0
2023-11-28 08:00:00,1.09523,1.09534,1.09344,1.09473,9830.0
2023-11-28 12:00:00,1.09476,1.09623,1.09464,1.09505,11475.0
2023-11-28 16:00:00,1.09507,1.10058,1.09453,1.10052,26661.0
2023-11-28 20:00:00,1.10052,1.10088,1.09731,1.09881,14414.0
2023-11-29 00:00:00,1.09881,1.10075,1.09858,1.10057,4844.0
2023-11-29 04:00:00,1.10057,1.10171,1.09966,1.10024,9203.0
2023-11-29 08:00:00,1.10025,1.10045,1.09758,1.09897,14284.0
2023-11-29 12:00:00,1.09892,1.09906,1.0969,1.0985,14843.0
2023-11-29 16:00:00,1.09858,1.09945,1.096,1.09682,27230.0
2023-11-29 20:00:00,1.09682,1.09948,1.09658,1.09722,10754.0
2023-11-30 00:00:00,1.09722,1.09839,1.09678,1.09825,3589.0
2023-11-30 04:00:00,1.09824,1.09824,1.09671,1.09688,6837.0
2023-11-30 08:00:00,1.09688,1.09818,1.09204,1.09232,12920.0
2023-11-30 12:00:00,1.09231,1.0939,1.09091,1.09254,15251.0
2023-11-30 16:00:00,1.09258,1.09495,1.08923,1.09068,30956.0
2023-11-30 20:00:00,1.09068,1.09122,1.08793,1.0885,12143.0
2023-12-01 00:00:00,1.08849,1.0903,1.08837,1.09017,4992.0
2023-12-01 04:00:00,1.09017,1.09127,1.08981,1.09066,7442.0
2023-12-01 08:00:00,1.09065,1.09123,1.08858,1.08932,11764.0
2023-12-01 12:00:00,1.08931,1.09046,1.08755,1.08767,13714.0
2023-12-01 16:00:00,1.08768,1.08853,1.08286,1.08771,29752.0
2023-12-01 20:00:00,1.08772,1.08927,1.08699,1.08793,16260.0
2023-12-02 00:00:00,1.08794,1.0882,1.08775,1.08809,1047.0
2023-12-04 00:00:00,1.08786,1.08948,1.087,1.08716,7966.0
2023-12-04 04:00:00,1.08716,1.08859,1.08665,1.08714,9024.0
2023-12-04 08:00:00,1.08715,1.08764,1.08497,1.08639,13623.0
2023-12-04 12:00:00,1.08638,1.08807,1.08587,1.08692,13477.0
2023-12-04 16:00:00,1.0869,1.0876,1.08039,1.08231,25779.0
2023-12-04 20:00:00,1.08232,1.08354,1.08151,1.08338,10320.0
2023-12-05 00:00:00,1.08341,1.08461,1.08289,1.08433,3900.0
2023-12-05 04:00:00,1.08434,1.08445,1.08346,1.08442,7991.0
2023-12-05 08:00:00,1.0844,1.08475,1.08039,1.08338,14056.0
2023-12-05 12:00:00,1.0834,1.08426,1.08123,1.08141,14596.0
2023-12-05 16:00:00,1.08142,1.08388,1.07819,1.0786,29066.0
2023-12-05 20:00:00,1.0786,1.07977,1.0778,1.07951,12229.0
2023-12-06 00:00:00,1.07949,1.07988,1.07891,1.07952,3493.0
2023-12-06 04:00:00,1.07953,1.07995,1.07879,1.07942,7538.0
2023-12-06 08:00:00,1.07943,1.08018,1.0775,1.07867,11616.0
2023-12-06 12:00:00,1.07866,1.07977,1.07724,1.07773,13816.0
2023-12-06 16:00:00,1.07772,1.08045,1.0777,1.07892,23778.0
2023-12-06 20:00:00,1.07891,1.07918,1.07584,1.07621,10392.0
2023-12-07 00:00:00,1.07621,1.07722,1.0762,1.07687,3961.0
2023-12-07 04:00:00,1.07687,1.07712,1.07578,1.07604,7497.0
2023-12-07 08:00:00,1.07604,1.07828,1.0755,1.078,14788.0
2023-12-07 12:00:00,1.078,1.07846,1.07592,1.07691,16922.0
2023-12-07 16:00:00,1.07692,1.07979,1.0761,1.07938,26811.0
2023-12-07 20:00:00,1.07939,1.08174,1.0789,1.07953,14785.0
2023-12-08 00:00:00,1.07952,1.07976,1.07883,1.0796,6508.0
2023-12-08 04:00:00,1.07961,1.08006,1.07825,1.07828,10438.0
2023-12-08 08:00:00,1.0783,1.07911,1.0773,1.07893,13425.0
2023-12-08 12:00:00,1.07893,1.07898,1.07722,1.07773,14626.0
2023-12-08 16:00:00,1.07774,1.07856,1.07233,1.07448,32481.0
2023-12-08 20:00:00,1.07446,1.07663,1.07401,1.07635,10408.0
2023-12-09 00:00:00,1.07637,1.07641,1.07607,1.07624,878.0
2023-12-11 00:00:00,1.0759,1.07735,1.07553,1.0772,3522.0
2023-12-11 04:00:00,1.07723,1.07738,1.07608,1.0763,7542.0
2023-12-11 08:00:00,1.07629,1.07707,1.07513,1.0765,10870.0
2023-12-11 12:00:00,1.07651,1.07788,1.07553,1.07611,12221.0
2023-12-11 16:00:00,1.07611,1.07667,1.07415,1.07458,17544.0
2023-12-11 20:00:00,1.07458,1.07697,1.07424,1.07648,10075.0
2023-12-12 00:00:00,1.07643,1.07661,1.07572,1.07649,3650.0
2023-12-12 04:00:00,1.0765,1.07701,1.07611,1.07651,5487.0
2023-12-12 08:00:00,1.07651,1.0792,1.07651,1.07852,10334.0
2023-12-12 12:00:00,1.0785,1.08072,1.07804,1.07981,11785.0
2023-12-12 16:00:00,1.0798,1.08279,1.07669,1.07888,26899.0
2023-12-12 20:00:00,1.07888,1.07985,1.07838,1.07973,10818.0
2023-12-13 00:00:00,1.07972,1.07999,1.07888,1.0794,4158.0
2023-12-13 04:00:00,1.07938,1.07961,1.07841,1.07861,5498.0
2023-12-13 08:00:00,1.07862,1.07926,1.07801,1.07893,10565.0
2023-12-13 12:00:00,1.07894,1.07918,1.07731,1.07817,11941.0
2023-12-13 16:00:00,1.07818,1.08094,1.07818,1.07919,19060.0
2023-12-13 20:00:00,1.0792,1.08963,1.07794,1.08812,26092.0
2023-12-14 00:00:00,1.08812,1.0895,1.08719,1.0893,9128.0
2023-12-14 04:00:00,1.08931,1.09153,1.08853,1.08993,13038.0
2023-12-14 08:00:00,1.08992,1.09079,1.08797,1.09019,17320.0
2023-12-14 12:00:00,1.09018,1.09398,1.08981,1.09237,20095.0
2023-12-14 16:00:00,1.09237,1.1003,1.09055,1.09963,34585.0
2023-12-14 20:00:00,1.09963,1.10091,1.09794,1.09928,13766.0
2023-12-15 00:00:00,1.09926,1.09964,1.09768,1.0983,6042.0
2023-12-15 04:00:00,1.0983,1.10038,1.09816,1.09979,8609.0
2023-12-15 08:00:00,1.09979,1.09992,1.09459,1.09561,15013.0
2023-12-15 12:00:00,1.09561,1.09694,1.09407,1.09432,16091.0
2023-12-15 16:00:00,1.09434,1.09483,1.09015,1.09053,28613.0
2023-12-15 20:00:00,1.09054,1.09164,1.08885,1.08941,15062.0
2023-12-16 00:00:00,1.08939,1.08962,1.0892,1.08952,1803.0
2023-12-18 00:00:00,1.08946,1.09012,1.08919,1.09006,3407.0
2023-12-18 04:00:00,1.09005,1.09136,1.08943,1.09128,5767.0
2023-12-18 08:00:00,1.09128,1.09299,1.09107,1.0918,10824.0
2023-12-18 12:00:00,1.09176,1.09284,1.09072,1.09137,13862.0
2023-12-18 16:00:00,1.09137,1.09311,1.09109,1.09191,20414.0
2023-12-18 20:00:00,1.0919,1.0928,1.09131,1.09195,9368.0
2023-12-19 00:00:00,1.09193,1.09247,1.0915,1.09202,5043.0
2023-12-19 04:00:00,1.09203,1.09291,1.09146,1.0923,8767.0
2023-12-19 08:00:00,1.09227,1.09423,1.09208,1.09408,13502.0
2023-12-19 12:00:00,1.09405,1.09706,1.09303,1.09685,13634.0
2023-12-19 16:00:00,1.09686,1.09874,1.09535,1.09769,22154.0
2023-12-19 20:00:00,1.09768,1.09793,1.09693,1.09784,9631.0
2023-12-20 00:00:00,1.09785,1.09833,1.09715,1.09731,3987.0
2023-12-20 04:00:00,1.0973,1.09743,1.09658,1.09687,5816.0
2023-12-20 08:00:00,1.09687,1.09713,1.09505,1.09609,12926.0
2023-12-20 12:00:00,1.09608,1.09655,1.09339,1.09368,13529.0
2023-12-20 16:00:00,1.09366,1.09756,1.09359,1.09563,19481.0
2023-12-20 20:00:00,1.09564,1.09636,1.0931,1.09316,14290.0
2023-12-21 00:00:00,1.09314,1.09501,1.09298,1.09499,5137.0
2023-12-21 04:00:00,1.09501,1.09541,1.0945,1.09492,6671.0
2023-12-21 08:00:00,1.09491,1.09558,1.0939,1.09397,10337.0
2023-12-21 12:00:00,1.09397,1.0987,1.09352,1.09807,13605.0
2023-12-21 16:00:00,1.09808,1.10022,1.09724,1.09894,28006.0
2023-12-21 20:00:00,1.09894,1.10031,1.09779,1.10029,15534.0
2023-12-22 00:00:00,1.1003,1.10124,1.09935,1.10046,5035.0
2023-12-22 04:00:00,1.10047,1.10065,1.09953,1.10005,6666.0
2023-12-22 08:00:00,1.10005,1.10119,1.09936,1.10072,11340.0
2023-12-22 12:00:00,1.10071,1.10378,1.10024,1.10186,14659.0
2023-12-22 16:00:00,1.1019,1.10402,1.10015,1.10072,25058.0
2023-12-22 20:00:00,1.10073,1.10191,1.1,1.10123,11654.0
2023-12-23 00:00:00,1.10118,1.1013,1.101,1.10124,1086.0
2023-12-26 00:00:00,1.10074,1.10229,1.10056,1.10193,1698.0
2023-12-26 04:00:00,1.10195,1.10289,1.10176,1.10225,4344.0
2023-12-26 08:00:00,1.10225,1.10272,1.10137,1.10149,4563.0
2023-12-26 12:00:00,1.10148,1.10195,1.10086,1.10128,5609.0
2023-12-26 16:00:00,1.10127,1.10377,1.10119,1.10344,11342.0
2023-12-26 20:00:00,1.10345,1.1045,1.103,1.10423,7207.0
2023-12-27 00:00:00,1.10423,1.10442,1.10356,1.10366,3082.0
2023-12-27 04:00:00,1.10364,1.10421,1.10285,1.10417,5645.0
2023-12-27 08:00:00,1.10416,1.10545,1.10365,1.1047,8242.0
2023-12-27 12:00:00,1.10469,1.10698,1.10463,1.10682,9125.0
2023-12-27 16:00:00,1.10683,1.11228,1.10621,1.11126,18709.0
2023-12-27 20:00:00,1.11125,1.1114,1.10988,1.11063,11059.0
2023-12-28 00:00:00,1.11063,1.11169,1.10974,1.11145,3467.0
2023-12-28 04:00:00,1.11145,1.11225,1.11097,1.11102,5752.0
2023-12-28 08:00:00,1.11101,1.11257,1.11043,1.1121,10806.0
2023-12-28 12:00:00,1.11211,1.11393,1.11109,1.11125,12796.0
2023-12-28 16:00:00,1.11125,1.112,1.1069,1.10718,20989.0
2023-12-28 20:00:00,1.10719,1.10764,1.10551,1.10654,10473.0
2023-12-29 00:00:00,1.10654,1.1079,1.10598,1.10762,4664.0
2023-12-29 04:00:00,1.10762,1.10842,1.10636,1.10666,5149.0
2023-12-29 08:00:00,1.10665,1.10775,1.10581,1.10605,8700.0
2023-12-29 12:00:00,1.10605,1.10806,1.10441,1.10516,13632.0
2023-12-29 16:00:00,1.10517,1.10786,1.10424,1.106,21653.0
2023-12-29 20:00:00,1.10608,1.10668,1.1038,1.10409,12312.0
2023-12-30 00:00:00,1.10411,1.10411,1.1034,1.1039,1026.0
